Mon-Yr,CA,Alameda,Amador,Butte,Calaveras,Contra-Costa,Del Norte,El Dorado,Fresno,Glenn,Humboldt,Kern,Kings,Lake,Lassen,Los Angeles,Madera,Marin,Mariposa,Mendocino,Merced,Mono,Monterey,Napa,Nevada,Orange,Placer,Plumas,Riverside,Sacramento,San Benito,San Bernardino,San Diego,San Francisco,San Joaquin,San Luis Obispo,San Mateo,Santa Barbara,Santa Clara,Santa Cruz,Shasta,Siskiyou,Solano,Sonoma,Stanislaus,Sutter,Tehama,Tulare,Tuolumne,Ventura,Yolo,Yuba,LA Metro,Inland Empire,SF Bay Area
Jan-90,62,50.66,NA,NA,NA,39.66,NA,NA,NA,NA,122.21,46.2,NA,NA,NA,75.31,NA,NA,NA,NA,NA,NA,NA,NA,NA,80.03,NA,NA,101.55,NA,NA,124.05,57.01,NA,56.38,98.25,NA,65.14,NA,NA,NA,NA,NA,NA,NA,NA,NA,67.21,NA,81.1,NA,NA,66.99,45.59,110.33
Feb-90,64,53.28,NA,NA,NA,38.44,NA,NA,NA,NA,124.73,58.19,NA,NA,NA,80.53,NA,NA,NA,NA,NA,NA,NA,NA,NA,71.55,NA,NA,84.88,NA,NA,121,61.8,NA,59.63,94.63,NA,79.13,NA,NA,NA,NA,NA,NA,NA,NA,NA,68.25,NA,71.52,NA,NA,68.13,45.5,94.87
Mar-90,60,49.82,NA,NA,NA,31.92,NA,NA,NA,NA,83.04,61.47,NA,NA,NA,70.3,NA,NA,NA,NA,NA,NA,NA,NA,NA,70.1,NA,NA,91,NA,NA,110.33,59.89,NA,57.28,83.56,NA,70.97,NA,NA,NA,NA,NA,NA,NA,NA,NA,55.17,NA,79.45,NA,NA,63.15,41.03,96.8
Apr-90,58,53.51,NA,NA,NA,31.77,NA,NA,NA,NA,105.5,43.74,NA,NA,NA,75.03,NA,NA,NA,NA,NA,NA,NA,NA,NA,61,NA,NA,86.78,NA,NA,79.64,58.29,NA,61.43,88.19,NA,65.83,NA,NA,NA,NA,NA,NA,NA,NA,NA,61.85,NA,61,NA,NA,61.84,42.24,84.78
May-90,60,47.35,NA,NA,NA,33.63,NA,NA,NA,NA,107.43,50.08,NA,NA,NA,77.45,NA,NA,NA,NA,NA,NA,NA,NA,NA,67.47,NA,NA,102.94,NA,NA,121,58.25,NA,61,97.44,NA,75.5,NA,NA,NA,NA,NA,NA,NA,NA,NA,56.13,NA,70.67,NA,NA,63.62,40.3,106.82
Jun-90,63,50.25,NA,NA,NA,35.9,NA,NA,NA,NA,61,42.11,NA,NA,NA,80.76,NA,NA,NA,NA,NA,NA,NA,NA,NA,72.09,NA,NA,85.17,NA,NA,84.2,65.56,NA,59.28,94.63,NA,75.5,NA,NA,NA,NA,NA,NA,NA,NA,NA,49.89,NA,79.71,NA,NA,65.09,42.52,84.85
Jul-90,63,54.61,NA,NA,NA,40.4,NA,NA,NA,NA,74.38,49.88,NA,NA,NA,76.14,NA,NA,NA,NA,NA,NA,NA,NA,NA,79.68,NA,NA,84.96,NA,NA,86.78,67.21,NA,58.05,95.83,NA,72.39,NA,NA,NA,NA,NA,NA,NA,NA,NA,51.65,NA,75.5,NA,NA,66.81,47.31,85.47
Aug-90,64,55.88,NA,NA,NA,40.85,NA,NA,NA,NA,57,46.12,NA,NA,NA,76.57,NA,NA,NA,NA,NA,NA,NA,NA,NA,71.78,NA,NA,81.54,NA,NA,99.46,70.65,NA,63.21,96.8,NA,68.25,NA,NA,NA,NA,NA,NA,NA,NA,NA,56.01,NA,80.42,NA,NA,67.21,47.26,87.1
Sep-90,68,54.05,NA,NA,NA,45.5,NA,NA,NA,NA,47.43,50.94,NA,NA,NA,79.6,NA,NA,NA,NA,NA,NA,NA,NA,NA,75.06,NA,NA,87.93,NA,NA,84.56,72.84,NA,66.8,100.67,NA,78.85,NA,NA,NA,NA,NA,NA,NA,NA,NA,46.1,NA,85.17,NA,NA,70.98,48.89,87
Oct-90,67,59.7,NA,NA,NA,46.02,NA,NA,NA,NA,70.16,42.41,NA,NA,NA,84.94,NA,NA,NA,NA,NA,NA,NA,NA,NA,79.8,NA,NA,85.54,NA,NA,84.56,65.95,NA,57.03,100.67,NA,68.25,NA,NA,NA,NA,NA,NA,NA,NA,NA,50.84,NA,76.75,NA,NA,68.65,52.4,85.17
Nov-90,72,62.84,NA,NA,NA,49.05,NA,NA,NA,NA,58.19,45.23,NA,NA,NA,93.39,NA,NA,NA,NA,NA,NA,NA,NA,NA,76.49,NA,NA,81.61,NA,NA,114.2,71.5,NA,68.95,115.17,NA,80.33,NA,NA,NA,NA,NA,NA,NA,NA,NA,55.17,NA,85.45,NA,NA,73.57,54.95,88.33
Dec-90,73,59.8,NA,NA,NA,50.58,NA,NA,NA,NA,69.7,45.22,NA,NA,NA,96.73,NA,NA,NA,NA,NA,NA,NA,NA,NA,81.91,NA,NA,98.25,NA,NA,84.2,80.12,NA,63.49,129.86,NA,83.31,NA,NA,NA,NA,NA,NA,NA,NA,NA,47.57,NA,76.99,NA,NA,74.85,55.1,93.07
Jan-91,77,66.01,NA,NA,NA,54.7,NA,NA,NA,NA,55.54,43.02,NA,NA,NA,91.37,NA,NA,NA,NA,NA,NA,NA,NA,NA,85.29,NA,NA,108.72,NA,NA,121.91,80.89,NA,77.92,126.27,NA,123.74,NA,NA,NA,NA,NA,NA,NA,NA,NA,46.82,NA,86.89,NA,NA,78.82,59.02,113.79
Feb-91,77,68.25,NA,NA,NA,58.31,NA,NA,NA,NA,68.25,50.13,NA,NA,NA,88.27,NA,NA,NA,NA,NA,NA,NA,NA,NA,89.56,NA,NA,95.35,NA,NA,102.6,88.95,NA,75.5,130.23,NA,57.36,NA,NA,NA,NA,NA,NA,NA,NA,NA,58.02,NA,79.24,NA,NA,79.35,63.54,97.77
Mar-91,74,62.21,NA,NA,NA,48.71,NA,NA,NA,NA,71.36,52.75,NA,NA,NA,89.25,NA,NA,NA,NA,NA,NA,NA,NA,NA,77.61,NA,NA,109.13,NA,NA,82.75,81.45,NA,83.35,105.5,NA,100.67,NA,NA,NA,NA,NA,NA,NA,NA,NA,63.9,NA,80.5,NA,NA,76.45,53.81,107.21
Apr-91,68,54.32,NA,NA,NA,44.97,NA,NA,NA,NA,71.55,38.84,NA,NA,NA,85.65,NA,NA,NA,NA,NA,NA,NA,NA,NA,68.68,NA,NA,103.69,NA,NA,110.33,73.66,NA,72.09,111.71,NA,78.4,NA,NA,NA,NA,NA,NA,NA,NA,NA,43.21,NA,87.89,NA,NA,71.03,49.44,104.74
May-91,67,51.62,NA,NA,NA,44.63,NA,NA,NA,NA,62.45,48.64,NA,NA,NA,82.45,NA,NA,NA,NA,NA,NA,NA,NA,NA,73.39,NA,NA,97.59,NA,NA,116.78,74.66,NA,77.05,124.22,NA,83.23,NA,NA,NA,NA,NA,NA,NA,NA,NA,49.37,NA,72.25,NA,NA,70.29,48.06,106.23
Jun-91,68,51.98,NA,NA,NA,45.8,NA,NA,NA,NA,54.88,41.6,NA,NA,NA,87.7,NA,NA,NA,NA,NA,NA,NA,NA,NA,85.29,NA,NA,121.31,NA,NA,85.17,74.04,NA,84.11,124.63,NA,108.4,NA,NA,NA,NA,NA,NA,NA,NA,NA,65.64,NA,76.29,NA,NA,71.97,49.21,115.97
Jul-91,66,50.04,NA,NA,NA,42.6,NA,NA,NA,NA,64.35,45.12,NA,NA,NA,85.8,NA,NA,NA,NA,NA,NA,NA,NA,NA,81.14,NA,NA,101.47,NA,NA,81.94,71.16,NA,77.79,114.2,NA,91,NA,NA,NA,NA,NA,NA,NA,NA,NA,55.97,NA,67.94,NA,NA,70.34,46.48,97.11
Aug-91,68,54.93,NA,NA,NA,45.22,NA,NA,NA,NA,44.05,43.37,NA,NA,NA,85.99,NA,NA,NA,NA,NA,NA,NA,NA,NA,85.17,NA,NA,102.74,NA,NA,109.13,74.51,NA,80.89,122.45,NA,88.96,NA,NA,NA,NA,NA,NA,NA,NA,NA,63.76,NA,66.27,NA,NA,72.48,48.57,104.5
Sep-91,65,57.83,NA,NA,NA,44.1,NA,NA,NA,NA,41.68,40.88,NA,NA,NA,82.07,NA,NA,NA,NA,NA,NA,NA,NA,NA,70.82,NA,NA,123.07,NA,NA,87.58,70.39,NA,81.22,129.29,NA,75.5,NA,NA,NA,NA,NA,NA,NA,NA,NA,74.05,NA,70.5,NA,NA,68.91,49.48,121
Oct-91,73,55.86,NA,NA,NA,44,NA,NA,NA,NA,54.36,NA,NA,NA,NA,86.2,NA,NA,NA,NA,NA,NA,NA,NA,NA,69.99,NA,NA,88.39,NA,NA,112.75,76.8,NA,73.08,124.22,NA,96.58,NA,NA,NA,NA,NA,NA,NA,NA,NA,67.44,NA,82.21,NA,NA,75.56,50.27,96.18
Nov-91,71,55.9,NA,NA,NA,50.33,NA,NA,NA,NA,42.6,49.06,NA,NA,NA,89.88,NA,NA,NA,NA,NA,NA,NA,NA,NA,72.7,NA,NA,94.22,NA,NA,82.75,76.14,NA,96.8,125.53,NA,75.5,NA,NA,NA,NA,NA,NA,NA,NA,NA,68.25,NA,81.39,NA,NA,76.19,53.29,87.44
Dec-91,78,63.42,NA,NA,NA,48.87,NA,NA,NA,NA,49.28,54.27,NA,NA,NA,84.04,NA,NA,NA,NA,NA,NA,NA,NA,NA,84.49,NA,NA,121.58,NA,NA,81.94,84.74,NA,96.8,127.9,NA,122.16,NA,NA,NA,NA,NA,NA,NA,NA,NA,55.86,NA,84.94,NA,NA,80.59,55.39,98.91
Jan-92,81,57.18,NA,NA,NA,54.1,NA,NA,NA,NA,62.81,52.55,NA,NA,NA,95,NA,NA,NA,NA,NA,NA,NA,NA,NA,83.25,NA,NA,99.7,NA,NA,85.54,92.89,NA,87.36,126.27,NA,108.4,NA,NA,NA,94.63,NA,NA,57.58,NA,NA,71.55,NA,75.97,NA,NA,86.08,55.51,92.71
Feb-92,81,66.03,NA,NA,NA,51.62,NA,NA,NA,NA,99.06,57.44,NA,NA,NA,87.07,NA,109.85,NA,NA,NA,NA,NA,NA,NA,93,NA,NA,75.5,NA,NA,110.33,92.67,NA,97.44,122.61,NA,97.21,NA,NA,NA,112.75,NA,NA,62.74,NA,NA,58.39,NA,92.45,NA,NA,86.75,65.03,91
Mar-92,77,54.23,NA,NA,NA,43.86,NA,NA,NA,NA,62.45,55.82,NA,NA,NA,91.78,NA,102.71,NA,NA,NA,NA,NA,NA,NA,79.27,NA,NA,117.93,NA,NA,97.34,88.9,NA,81.3,130.67,NA,86.78,NA,NA,NA,107.11,NA,NA,51.47,NA,NA,67.69,NA,93.07,NA,NA,83.06,56.62,103.61
Apr-92,70,47.41,NA,NA,NA,40.82,NA,NA,NA,NA,87.1,48.16,NA,NA,NA,89.34,NA,101.36,NA,NA,NA,NA,NA,NA,NA,79.88,NA,NA,118.68,NA,NA,83.23,83.04,NA,88.33,123.64,NA,86.38,NA,NA,NA,117.1,NA,NA,54.76,NA,NA,80.94,NA,78.08,NA,NA,77.82,53.83,100.67
May-92,73,NA,NA,NA,NA,41.51,NA,NA,NA,NA,68.73,45.5,NA,NA,NA,91.41,NA,94.98,NA,NA,NA,NA,NA,NA,NA,79.98,NA,NA,123.46,NA,NA,78.14,77.87,NA,88.33,123.76,NA,57.1,NA,NA,NA,79.13,NA,NA,45.88,NA,NA,65.14,NA,71.6,NA,NA,81.11,56.9,104.69
Jun-92,71,46.21,NA,NA,NA,41.8,NA,NA,NA,NA,57.36,47.23,NA,NA,NA,85.81,NA,87.21,NA,NA,NA,NA,NA,NA,NA,74.17,NA,NA,102.09,NA,NA,114.73,78.02,NA,84.5,127.59,NA,86.95,NA,NA,NA,88.29,NA,NA,62.38,NA,NA,65.83,NA,77.14,NA,NA,78.84,54.52,107.05
Jul-92,75,47.98,NA,NA,NA,39.98,NA,NA,NA,NA,49.76,54.45,NA,NA,NA,83.41,NA,98.45,NA,NA,NA,NA,NA,NA,NA,77.68,NA,NA,126.4,NA,NA,79.96,75.28,NA,82.16,121.91,NA,99.46,NA,NA,NA,88.55,NA,NA,51.12,NA,NA,76.95,NA,85.24,NA,NA,76.23,53.18,107.39
Aug-92,75,53.75,NA,NA,NA,47.04,NA,NA,NA,NA,55.17,53.11,NA,NA,NA,84.87,NA,86.24,NA,NA,NA,NA,NA,NA,NA,91.35,NA,NA,109.13,NA,NA,80.33,79.72,NA,77.05,123.9,NA,98.25,NA,NA,NA,69.46,NA,NA,66.27,NA,NA,79.53,NA,79.42,NA,NA,79.52,58.21,86.5
Sep-92,76,52.04,NA,NA,NA,50.08,NA,NA,NA,NA,49.53,52.89,NA,NA,NA,86.82,NA,NA,NA,NA,NA,NA,NA,NA,NA,82.66,NA,NA,121,NA,NA,72.6,83.63,NA,89.46,124.87,NA,83.41,NA,NA,NA,83.79,NA,NA,57.34,NA,NA,63.9,NA,72.6,NA,NA,78.87,51.2,92.38
Oct-92,79,58.84,NA,NA,NA,52.75,NA,NA,NA,NA,57.28,51.05,NA,NA,NA,88.93,NA,94.13,NA,NA,NA,NA,NA,NA,NA,84.82,NA,NA,94.63,NA,NA,97.21,84.12,NA,99.7,126.97,NA,99.06,NA,NA,NA,72.6,NA,NA,56.91,NA,NA,72.45,NA,74.69,NA,NA,82.15,66.41,96.64
Nov-92,78,59.46,NA,NA,NA,48.81,NA,NA,NA,NA,56.38,54.33,NA,NA,NA,85.67,NA,101.79,NA,NA,NA,NA,NA,NA,NA,89.15,NA,NA,110.33,NA,NA,101.15,85.27,NA,83.62,121.97,NA,114.2,NA,NA,NA,80.33,NA,NA,NA,NA,NA,78.61,NA,87.36,NA,NA,84.94,65.47,103.27
Dec-92,83,54.76,NA,NA,NA,51.36,NA,NA,NA,NA,54.07,58.57,NA,NA,NA,91.97,NA,117.03,NA,NA,NA,NA,NA,NA,NA,78.36,NA,NA,127.93,NA,NA,124.35,82.99,NA,91.97,127.87,NA,105.5,NA,NA,NA,87.1,NA,NA,72.39,NA,NA,73.69,NA,87,NA,NA,85.54,59.94,127.14
Jan-93,86,59.82,NA,NA,NA,61,NA,NA,NA,NA,85.17,61.66,NA,NA,NA,102.25,NA,108.58,NA,NA,NA,NA,NA,NA,NA,100.04,NA,NA,124.87,NA,NA,126.08,84.8,NA,98.63,131.24,NA,93.64,NA,NA,NA,122.16,NA,NA,68.98,NA,NA,105.5,NA,92.81,NA,NA,95.7,71.45,125.35
Feb-93,93,73.05,NA,NA,NA,73.02,NA,NA,NA,NA,46.95,62.38,NA,NA,NA,100.7,NA,104.69,NA,NA,NA,NA,NA,NA,NA,99.81,NA,NA,123.83,NA,NA,121.89,91.66,NA,108.72,n.a.,NA,94.63,NA,NA,NA,115.17,NA,71.22,61.81,NA,NA,101.88,NA,96.8,NA,NA,91.85,76.1,97.21
Mar-93,80,56.64,NA,NA,NA,50.88,NA,NA,NA,NA,81.94,65.21,NA,NA,NA,91.76,NA,106.16,NA,NA,NA,NA,NA,82.75,NA,104.82,NA,NA,122.4,NA,NA,121.3,83.64,NA,108.06,126.58,NA,121,NA,NA,NA,82.75,NA,69.37,63.2,NA,NA,82.32,NA,100.1,NA,NA,88.2,65.28,109.63
Apr-93,70,52.2,NA,NA,NA,44.73,NA,NA,NA,NA,80.77,55.45,NA,NA,NA,86.61,NA,84.69,NA,NA,NA,NA,NA,63.42,NA,93.82,NA,NA,113.34,NA,NA,121,79.62,NA,97.93,80.33,NA,122.4,NA,NA,NA,123.15,NA,58.03,50.22,NA,NA,75.5,NA,74.46,NA,NA,80.16,57.68,116.43
May-93,68,54.34,NA,NA,NA,43.2,NA,NA,NA,NA,57.44,58.15,NA,NA,NA,91.46,NA,92.77,NA,NA,NA,NA,NA,55.47,NA,79.04,NA,NA,112.36,NA,NA,119.46,72.35,NA,83.04,69.29,NA,85.17,NA,NA,NA,77.92,NA,48.04,53.31,NA,NA,94.82,NA,71.62,NA,NA,76.84,53.75,99.99
Jun-93,69,55.17,NA,NA,NA,38.85,NA,NA,NA,NA,52.75,57.96,NA,NA,NA,89.33,NA,91.27,NA,NA,NA,NA,NA,68.25,NA,81.13,NA,NA,123.59,NA,NA,113.93,75.12,NA,79.42,64.63,NA,84.56,NA,NA,NA,98.25,NA,56.08,50.64,NA,NA,83.23,NA,67.39,NA,NA,79.34,55.89,105.79
Jul-93,68,52.99,NA,NA,NA,43.55,NA,NA,NA,NA,75.5,56.95,NA,NA,NA,92.59,NA,95.53,NA,NA,NA,NA,NA,77.73,NA,91.65,NA,NA,122.3,NA,NA,114.91,71.03,NA,80,88.39,NA,76.95,NA,NA,NA,84.2,NA,52.17,56.98,NA,NA,77.92,NA,73.2,NA,NA,78.7,55.46,100.88
Aug-93,71,51.91,NA,NA,NA,45.21,NA,NA,NA,NA,54.07,54.15,NA,NA,NA,91,NA,89.75,NA,NA,NA,NA,NA,46.35,NA,94.06,NA,NA,122.21,NA,NA,109.73,72.65,NA,95.66,70.06,NA,79.96,NA,NA,NA,72.6,NA,59.38,58.91,NA,NA,81.43,NA,69.08,NA,NA,79.19,55.99,101.06
Sep-93,72,57.86,NA,NA,NA,42.11,NA,NA,NA,NA,49.13,64.35,NA,NA,NA,92.86,NA,97.56,NA,NA,NA,NA,NA,69.7,NA,96.17,NA,NA,121.3,NA,NA,107.48,71.62,NA,85.42,85.86,NA,97.44,NA,NA,NA,98.25,NA,57.86,58.82,NA,NA,79.76,NA,71.33,NA,NA,79.42,57.95,95.35
Oct-93,73,56.89,NA,NA,NA,44.17,NA,NA,NA,NA,62.61,67.82,NA,NA,NA,91.98,NA,103.02,NA,NA,NA,NA,NA,83.96,NA,84.81,NA,NA,121.13,NA,NA,113.31,72.26,NA,84,93.42,NA,93.9,NA,NA,NA,78.4,NA,57.84,55.59,NA,NA,65.14,NA,70.67,NA,NA,80.93,59.39,104.89
Nov-93,76,56.79,NA,NA,NA,49.26,NA,NA,NA,NA,48.95,67.01,NA,NA,NA,91.06,NA,104.1,NA,NA,NA,NA,NA,79.13,NA,95.98,NA,NA,121.44,NA,NA,108.04,75.96,NA,79.49,61,NA,86.65,NA,NA,NA,84.2,NA,76.16,57.44,NA,NA,88.88,NA,77.99,NA,NA,83.68,66.82,102.07
Dec-93,78,56.73,NA,NA,NA,41.79,NA,NA,NA,NA,75.5,67.04,NA,NA,NA,96.83,NA,99.16,NA,NA,NA,NA,NA,70.67,NA,95.67,NA,NA,122.01,NA,NA,106.88,73.88,NA,86.29,112.75,NA,70.32,NA,NA,NA,115.17,NA,59.02,77.92,NA,NA,87.24,NA,84.65,NA,NA,84.13,59.6,106.06
Jan-94,83,62.95,NA,NA,NA,55.29,NA,NA,NA,NA,58.39,63.13,NA,121,NA,99.79,NA,107.73,NA,NA,NA,NA,NA,75.5,NA,86.85,NA,NA,123.09,NA,NA,124.66,80.04,NA,97.53,121,NA,100.67,NA,NA,NA,n.a.,64.63,68.63,71.72,NA,NA,82.37,NA,84.11,NA,NA,88.03,69.13,110.47
Feb-94,81,56.72,NA,NA,NA,51.49,NA,NA,NA,NA,50.33,67.66,NA,122.12,NA,94.21,NA,106.82,NA,NA,NA,NA,NA,75.5,NA,88.28,NA,NA,123.21,NA,NA,125.46,76.09,NA,82.75,84.2,NA,110.77,NA,NA,NA,n.a.,70.92,64.63,62.55,NA,NA,100.06,NA,89.26,NA,NA,84.35,62.15,112.92
Mar-94,74,50.61,NA,NA,NA,36.44,NA,NA,NA,NA,57.36,74.88,NA,126.54,NA,84.86,NA,84.31,NA,NA,NA,NA,NA,64.35,NA,85.82,NA,NA,117.61,NA,NA,122.25,68.86,NA,80.11,79.13,NA,91,NA,NA,NA,n.a.,64.41,52.75,57.24,NA,NA,86.95,NA,74.5,NA,NA,77.3,52.67,103.28
Apr-94,67,43.94,NA,NA,NA,29.54,NA,NA,NA,NA,45.5,66.54,NA,111.71,NA,79.26,NA,75.5,NA,NA,NA,NA,NA,52.32,NA,72.29,NA,NA,107.66,NA,NA,102.09,64.92,NA,58.84,71.88,NA,87.77,NA,NA,NA,n.a.,69.46,47.89,54.38,NA,NA,99.86,NA,67.44,NA,NA,70.33,49.26,91.08
May-94,63,38.29,NA,NA,NA,34.55,NA,NA,NA,NA,63.9,53.79,NA,115.86,NA,71.74,NA,75.29,NA,NA,NA,NA,NA,61,NA,76.4,NA,NA,108.46,NA,NA,121.58,62.25,NA,59.38,69.29,NA,69.7,NA,NA,NA,n.a.,69.2,54.66,61.63,NA,NA,65.83,NA,54.54,NA,NA,65.64,45.95,95.53
Jun-94,60,37.3,NA,NA,NA,31.63,NA,NA,NA,NA,54.93,64.99,NA,114.2,NA,83.3,NA,75.24,NA,NA,NA,NA,NA,50.33,NA,54.9,NA,NA,105.99,NA,NA,121.48,61.42,NA,70.23,57.36,NA,64.63,NA,NA,NA,n.a.,55.47,45.91,53.19,NA,NA,58.34,NA,63.65,NA,NA,67.68,42.83,88.62
Jul-94,63,43.65,NA,NA,NA,36.3,NA,NA,NA,NA,56.78,68.25,NA,101.88,NA,77.83,NA,83.59,NA,NA,NA,NA,NA,75.5,NA,53.35,NA,NA,103.57,NA,NA,114.56,64.39,NA,79.24,77.57,NA,61,NA,NA,NA,n.a.,68.98,49.33,50.41,NA,NA,70.16,NA,64.46,NA,NA,66.4,47.37,91
Aug-94,64,43.17,NA,NA,NA,35.73,NA,NA,NA,NA,61,53.01,NA,122.55,NA,70.34,NA,85.68,NA,NA,NA,NA,NA,75.5,NA,55.17,NA,NA,111.35,NA,NA,116.86,61.57,NA,81.84,48.4,NA,87.93,NA,NA,NA,n.a.,NA,52.44,63.64,NA,NA,73.08,NA,70.81,NA,NA,65.59,48.65,97.44
Sep-94,65,46.01,NA,NA,NA,36.14,NA,NA,NA,NA,74.05,46.45,NA,123.29,NA,76.59,NA,74.57,NA,NA,NA,NA,NA,73.69,NA,56.28,NA,NA,100.13,NA,NA,113.79,64.32,NA,83.41,92.61,NA,68.68,NA,NA,NA,n.a.,59.42,53,54.36,NA,NA,79.85,NA,64.17,NA,NA,68.21,49.68,89.31
Oct-94,68,46.34,NA,NA,NA,41.02,NA,NA,NA,NA,47.43,61,NA,68.25,NA,78.61,NA,91,NA,NA,NA,NA,NA,93.23,NA,58.48,NA,NA,112.36,NA,NA,122.58,69.18,NA,75.5,67.21,NA,87.36,NA,NA,NA,n.a.,55,57.07,51.17,NA,NA,77.57,NA,70.67,NA,NA,72.05,53.5,96.86
Nov-94,69,46.54,NA,NA,NA,38.48,NA,NA,NA,NA,58.47,73.27,NA,122.32,NA,79.34,NA,80.03,NA,NA,NA,NA,NA,53.79,NA,62.83,NA,NA,106.47,NA,NA,115.86,70.27,NA,97.55,21.99,NA,56.13,NA,NA,NA,n.a.,66.58,59.24,56.47,NA,NA,98.25,NA,75.02,NA,NA,75.07,53.01,89.08
Dec-94,72,56.13,NA,NA,NA,42.42,NA,NA,NA,NA,62.32,62.93,NA,121.81,NA,77.05,NA,99.96,NA,NA,NA,NA,NA,114.2,NA,61.97,NA,NA,97.9,NA,NA,123.21,72.04,NA,74.38,54.2,NA,80.62,NA,NA,NA,n.a.,58.68,58.33,51.3,NA,NA,80.33,NA,79.64,NA,NA,76.35,61.75,91.42
Jan-95,79,52.35,NA,NA,NA,45.82,NA,NA,NA,NA,91,69.22,NA,116.38,NA,79.17,NA,105.5,NA,NA,NA,NA,NA,75.5,NA,63.21,NA,NA,114.15,NA,NA,113.18,102.05,NA,72.09,91,NA,83.79,NA,NA,NA,n.a.,87.93,64.41,73.89,NA,NA,82.37,NA,75.5,NA,NA,79.62,61.58,98.96
Feb-95,78,57.43,NA,NA,NA,38.58,NA,NA,NA,NA,80.33,80.33,NA,95.83,NA,78.2,NA,100.89,NA,NA,NA,NA,NA,121,NA,58.82,NA,NA,115.47,NA,NA,118.76,84.42,NA,93.9,82.75,NA,84.73,NA,NA,NA,n.a.,78.85,64.52,77.39,NA,NA,91,NA,68.41,NA,NA,78.21,62.04,98.96
Mar-95,73,42.26,NA,NA,NA,40.6,NA,NA,NA,NA,72.6,77.43,NA,126.67,NA,77.7,NA,72.86,NA,NA,NA,NA,NA,80.94,NA,61.71,NA,NA,84.84,NA,NA,85.91,73.61,NA,95.83,98.25,NA,92.45,NA,NA,NA,n.a.,65.58,58.94,58.91,NA,NA,97.04,NA,70.18,NA,NA,74.69,51.68,79.92
Apr-95,68,42.98,NA,NA,NA,35.14,NA,NA,NA,NA,52.75,65.83,NA,122.04,NA,74.92,NA,80.62,NA,NA,NA,NA,NA,61,NA,53.82,NA,NA,70.67,NA,NA,80.87,66.05,NA,71.63,93.42,NA,69.7,NA,NA,NA,n.a.,54.03,58.93,NA,NA,NA,88.19,NA,68.54,NA,NA,66.78,51.17,69.94
May-95,65,46.67,NA,NA,NA,33.97,NA,NA,NA,NA,56.78,57.62,NA,112.75,NA,70.92,NA,74.13,NA,NA,NA,NA,NA,95.83,NA,58.16,NA,NA,74.03,NA,NA,89.28,58.84,NA,80.33,41.88,NA,85.17,NA,NA,NA,n.a.,65.41,52.75,44.5,NA,NA,79.37,NA,61.89,NA,NA,66.2,51.2,72.8
Jun-95,65,43.33,NA,NA,NA,36.1,NA,NA,NA,NA,67.53,61,NA,105.5,NA,68.77,NA,81.14,NA,NA,NA,NA,NA,45.5,NA,59.83,NA,NA,68.37,NA,NA,82.22,59.65,NA,75.5,73.43,NA,75.5,NA,NA,NA,n.a.,67.21,42.81,57.4,NA,NA,78.4,NA,65.02,NA,NA,63.99,48.26,69.59
Jul-95,65,44.07,NA,NA,NA,31,NA,NA,NA,NA,50.68,67.92,NA,125.83,NA,71.34,NA,84.56,NA,NA,NA,NA,NA,76.54,NA,59.32,NA,NA,63.64,NA,NA,81.08,56.89,NA,80.94,72.6,NA,75.5,NA,NA,NA,n.a.,61.66,57.69,47.31,NA,NA,91,NA,72.96,NA,NA,64.8,50.1,67.26
Aug-95,69,44.53,NA,NA,NA,37.09,NA,NA,NA,NA,58.68,68.25,NA,77.92,NA,73.45,NA,88.77,NA,NA,NA,NA,NA,79.96,NA,61.34,NA,NA,53.99,NA,NA,85.57,63.29,NA,80.8,121,NA,61,NA,NA,NA,n.a.,68.25,112.19,56.73,NA,NA,82.15,NA,74.18,NA,NA,68.43,59.87,64.47
Sep-95,69,46.44,NA,NA,NA,34.63,NA,NA,NA,NA,63.23,50.33,NA,122.26,NA,72.79,NA,86.22,NA,NA,NA,NA,NA,74.18,NA,63.39,NA,NA,69.26,NA,NA,73.02,65.67,NA,88.84,82.75,NA,44.29,NA,NA,NA,n.a.,67.44,113.85,55.26,NA,NA,95.83,NA,72.78,NA,NA,68.8,59.27,71.06
Oct-95,69,45.71,NA,NA,NA,37.84,NA,NA,NA,NA,71.55,59.61,NA,115.17,NA,74.33,NA,94.35,NA,NA,NA,NA,NA,70.32,NA,55.91,NA,NA,61.36,NA,NA,71.66,65.96,NA,73.69,87.58,NA,62.12,NA,NA,NA,n.a.,52.27,117.66,63.35,NA,NA,80.33,NA,76.05,NA,NA,67.84,59.23,63.02
Nov-95,67,46.66,NA,NA,NA,41.52,NA,NA,NA,NA,71.88,57.81,NA,111.3,NA,74.46,NA,85.86,NA,NA,NA,NA,NA,73.69,NA,56.79,NA,NA,61.21,NA,NA,76.95,68.13,NA,77.79,65.83,NA,122.45,NA,NA,NA,n.a.,57.36,53.69,62.35,NA,NA,91.97,NA,82.48,NA,NA,67.01,53.25,65.66
Dec-95,73,50,NA,NA,NA,48.53,NA,NA,NA,NA,73.27,63.42,NA,121.76,NA,76.26,NA,88.65,NA,NA,NA,NA,NA,108.14,NA,63.95,NA,NA,70.41,NA,NA,73.01,69.31,NA,81.71,127.44,NA,45.5,NA,NA,NA,n.a.,59.4,64.63,61,NA,NA,NA,NA,85.17,NA,NA,70.65,58.61,67.73
Jan-96,74,49.42,NA,NA,NA,45.2,NA,NA,121.56,NA,67.59,56.53,NA,121,NA,77.97,NA,102.39,NA,NA,NA,NA,NA,79.85,NA,68.21,NA,NA,62.49,NA,NA,75.5,71.03,NA,89.03,125.46,NA,57.1,NA,NA,NA,n.a.,75.5,74.32,71.72,NA,NA,NA,NA,80.11,NA,NA,73.21,61.67,64.93
Feb-96,72,50.71,NA,NA,NA,45.83,NA,NA,125.43,NA,68.25,66.89,NA,121.85,NA,75.9,NA,109.85,NA,NA,NA,NA,NA,72.28,NA,61.99,NA,NA,68.62,NA,NA,70.18,67.18,NA,75.5,130.67,NA,127.21,NA,NA,NA,n.a.,52.75,83.2,65.26,NA,NA,NA,NA,82.96,NA,NA,71.38,59.8,69.41
Mar-96,65,37.7,NA,NA,NA,42.79,NA,NA,125.13,NA,75.5,68.66,NA,128.25,NA,68.14,NA,87.58,NA,NA,NA,NA,NA,121,NA,54,NA,NA,65.26,NA,NA,61.71,59.2,NA,77.03,122.61,NA,123.42,NA,NA,NA,n.a.,52.46,76.91,63.54,NA,NA,NA,NA,78.58,NA,NA,65.56,53.99,63.52
Apr-96,58,34.22,NA,NA,NA,33.18,NA,NA,124.22,NA,54.2,61.83,NA,126.64,NA,61.68,NA,78.29,NA,NA,NA,NA,NA,83.41,NA,46.75,NA,NA,53.39,NA,NA,69.98,53.36,NA,80.52,77.57,NA,124.35,NA,NA,NA,n.a.,56.85,68.45,54.91,NA,NA,NA,NA,70.75,NA,NA,57.79,49.08,57.19
May-96,58,29.54,NA,NA,NA,29.41,NA,NA,108.72,NA,61,55.72,NA,122.16,NA,59.41,NA,88.25,NA,NA,NA,NA,NA,67.44,NA,48.89,NA,NA,51.68,NA,NA,68.52,55.6,NA,61.54,126.44,NA,83.79,NA,NA,NA,n.a.,52.96,74.09,52.94,NA,NA,NA,NA,65.31,NA,NA,56.89,49.6,55.15
Jun-96,54,29.4,NA,NA,NA,28,NA,NA,87.17,NA,63.64,53.72,NA,127.44,NA,55.8,NA,83.68,NA,NA,NA,NA,NA,54.2,NA,45.65,NA,NA,45.5,NA,NA,64.71,50.9,NA,73.21,75.5,NA,81.3,NA,NA,NA,n.a.,61,53.89,49.08,NA,NA,NA,NA,74.91,NA,NA,52.87,44.15,52.77
Jul-96,55,31.84,NA,NA,NA,36.15,NA,NA,125.24,NA,55.86,56.15,NA,125.3,NA,54.51,NA,80.07,NA,NA,NA,NA,NA,94.95,NA,51.2,NA,NA,49.61,NA,NA,64.19,52.68,NA,75.5,75.5,NA,51.71,NA,NA,NA,n.a.,57.85,52.38,NA,NA,NA,NA,NA,65.73,NA,NA,54.56,46.79,53.98
Aug-96,55,32.32,NA,NA,NA,33.33,NA,NA,121.32,NA,58.19,56.87,NA,108.4,NA,56.38,NA,81.54,NA,NA,NA,NA,NA,82.75,NA,50.89,NA,NA,50.66,NA,NA,65.64,50.02,NA,75.95,70.06,NA,72.2,NA,NA,NA,n.a.,49.4,63.26,52.4,NA,NA,NA,NA,63.12,NA,NA,55.08,48.58,55.08
Sep-96,55,35.28,NA,NA,NA,29.76,NA,NA,105.5,NA,54.56,54.01,NA,114.2,NA,54.74,NA,84.53,NA,NA,NA,NA,NA,73.69,NA,52.6,NA,NA,46.98,63.85,NA,62.32,51.7,NA,75.95,61,NA,38.81,NA,NA,NA,n.a.,63.64,57.55,53.04,NA,NA,NA,NA,61,NA,NA,54.88,48.54,53.51
Oct-96,55,34.22,NA,NA,NA,33.75,NA,NA,121.69,NA,87.93,56.63,NA,105.5,NA,54.87,NA,85.34,NA,NA,NA,NA,NA,77.31,NA,54.83,NA,NA,51.64,57.42,NA,61.82,52.64,NA,80.89,61,NA,122.4,NA,NA,NA,n.a.,52.37,55.91,57.75,NA,NA,NA,NA,80.22,NA,NA,56.03,47.58,53.87
Nov-96,58,36.47,NA,NA,NA,29.09,NA,NA,123.42,NA,69.92,61.66,NA,105.5,NA,53.46,NA,100.29,NA,NA,NA,NA,NA,79.13,NA,59.29,NA,NA,57.24,59.14,NA,74.36,53.33,NA,75.5,80.33,NA,121,NA,NA,NA,n.a.,64.87,58.96,67.89,NA,NA,NA,NA,82.23,NA,NA,57.58,50.28,59.65
Dec-96,59,38.25,NA,NA,NA,38.16,NA,NA,122.49,NA,73.43,66.44,NA,67.21,NA,57.53,NA,93.42,NA,NA,NA,NA,NA,99.46,NA,57.94,NA,NA,61.61,61.65,NA,73.72,51.05,NA,NA,121,NA,83.96,NA,NA,NA,n.a.,54.2,65.32,67.04,NA,NA,NA,NA,NA,NA,NA,58.81,56.12,58.99
Jan-97,62,42.51,NA,NA,NA,38.93,NA,NA,125.24,NA,91,68.25,NA,122.38,NA,59.21,NA,93.42,NA,NA,NA,NA,NA,93.9,NA,56.77,NA,NA,62.19,n.a.,NA,74.11,54.91,NA,82.03,125.43,NA,122.12,NA,NA,69.29,121,50.33,65.11,73.27,NA,NA,NA,NA,82.75,NA,NA,62.24,54.59,61.4
Feb-97,58,31.19,NA,NA,NA,38.94,NA,NA,125.39,NA,81.94,74.26,NA,122.61,NA,55.99,NA,86.5,NA,NA,NA,NA,NA,91,NA,59.77,NA,NA,70.67,63.49,NA,69.92,52.33,NA,74.53,122.74,NA,77.11,NA,NA,71.88,131.15,78.61,51.23,69.89,NA,NA,NA,NA,71.66,NA,NA,59.44,49.36,63.42
Mar-97,53,28.57,NA,NA,NA,32.14,NA,NA,122.07,NA,111.3,66.8,NA,127.08,NA,52.49,NA,74.12,NA,NA,NA,NA,NA,71.15,NA,49.78,NA,NA,53.36,58.97,NA,34.32,46.81,NA,74.81,110.33,NA,86.38,NA,NA,84.88,127.04,47.24,46.55,65.6,NA,NA,NA,NA,69.34,NA,NA,53.52,44.31,48.9
Apr-97,47,24.43,NA,NA,NA,28.35,NA,NA,123,NA,75.5,57.81,NA,105.5,NA,47.83,NA,67.47,NA,NA,NA,NA,NA,78.4,NA,43.38,NA,NA,59.82,n.a.,NA,40.98,42.27,NA,73.52,110.33,NA,74.46,NA,NA,83.48,93.9,52.75,34.68,54.29,NA,NA,NA,NA,57.71,NA,NA,47.72,34.86,50.93
May-97,45,23.25,NA,NA,NA,23.74,NA,NA,94.63,NA,66.8,53.08,NA,58.19,NA,47.92,NA,63.9,NA,NA,NA,NA,NA,63.9,NA,44.32,NA,NA,54.06,45.65,NA,55.47,39.52,NA,56.68,85.17,NA,75.5,NA,NA,76.31,127.44,43.73,37.44,51.76,NA,NA,NA,NA,62.47,NA,NA,47.23,35.84,52.27
Jun-97,47,24.56,NA,NA,NA,22.6,NA,NA,88.44,NA,71.88,57.3,NA,75.5,NA,47.53,NA,69.94,NA,NA,NA,NA,NA,52.48,NA,42.85,NA,NA,59.84,n.a.,NA,51.1,43,NA,69.8,78.72,NA,71.88,NA,NA,61,123.23,51.39,40.62,50.84,NA,NA,NA,NA,61,NA,NA,48.04,37.12,55.05
Jul-97,47,22.66,NA,NA,NA,23.35,NA,NA,121.8,NA,73.08,55.67,NA,110.33,NA,47.98,NA,67.89,NA,NA,NA,NA,NA,56.26,NA,44.68,NA,NA,52.14,51.11,NA,51.3,42.31,NA,67.9,74.84,NA,121,NA,NA,72.81,68.25,50.59,42.98,54.13,NA,NA,NA,NA,57.96,NA,NA,47.88,39.74,47.26
Aug-97,45,24.85,NA,NA,NA,24.26,NA,NA,122.18,NA,85.65,53.94,NA,110.33,NA,48.87,NA,69.91,NA,NA,NA,NA,NA,72.74,NA,43.15,NA,NA,24.53,53.05,NA,67.73,42.61,NA,58.42,69.57,NA,86.65,NA,NA,84.48,109.13,54,43.31,49.03,NA,NA,NA,NA,65.11,NA,NA,46.18,38.71,27.12
Sep-97,47,24.39,NA,NA,NA,23.46,NA,NA,123.64,NA,65.26,76.17,NA,102.6,NA,46.82,NA,73.01,NA,NA,NA,NA,NA,55.17,NA,42.09,NA,NA,28.04,52.79,NA,58.83,43.71,NA,54.75,95.83,NA,83.79,NA,NA,89.24,91,75.5,47.69,49.78,NA,NA,NA,NA,56.81,NA,NA,47.63,41.48,33.77
Oct-97,43,25.42,NA,NA,NA,23.81,NA,NA,108.1,NA,70.67,56.13,NA,111.94,NA,39.29,NA,68.38,NA,NA,NA,NA,NA,49.56,NA,42.03,NA,NA,39.64,53.35,NA,62.95,41.71,NA,66.12,78.85,NA,122.61,NA,NA,89.4,93.9,45.5,41.9,49.25,NA,NA,NA,NA,61,NA,NA,45.49,39.24,42.63
Nov-97,47,24.5,NA,NA,NA,23.62,NA,NA,117.74,NA,86.38,61.95,NA,n.a.,NA,49.68,NA,67.54,NA,NA,NA,NA,NA,48.4,NA,44.83,NA,NA,46.58,51.37,NA,53.38,38.25,NA,70.18,105.5,NA,59.03,NA,NA,78.61,52.75,47.48,49.97,46.25,NA,NA,NA,NA,57.84,NA,NA,47.78,40.63,47.67
Dec-97,47,24.25,NA,NA,NA,26.71,NA,NA,117.2,NA,122.73,57.15,NA,122.45,NA,45.25,NA,73.27,NA,NA,NA,NA,NA,55.65,NA,42.11,NA,NA,54.84,53.86,NA,57.49,40.65,NA,74.09,87.77,NA,77.92,NA,NA,89.03,108.4,54,42.57,55.08,NA,NA,NA,NA,59.15,NA,NA,48.51,39.6,55.04
Jan-98,51,27,NA,NA,NA,23.89,NA,NA,121,NA,107.92,68.46,NA,126.67,NA,50.11,NA,81.2,NA,NA,NA,NA,NA,61,NA,44.38,NA,NA,57.38,63.34,NA,48.2,40.52,NA,64,121.91,NA,121,NA,NA,80.33,133.57,94.15,101.42,67.82,NA,NA,NA,NA,72.8,NA,NA,54.85,63.65,51.54
Feb-98,50,27.14,NA,NA,NA,22.57,NA,NA,121.19,NA,95.83,61,NA,124.22,NA,50.89,NA,68.43,NA,NA,NA,NA,NA,67.59,NA,38.9,NA,NA,63.09,62.45,NA,66.32,37.13,NA,61.94,122.99,NA,83.56,NA,NA,79.76,40.67,98.98,93.14,62.29,NA,NA,NA,NA,72.23,NA,NA,53.94,55.62,63.3
Mar-98,40,22.79,NA,NA,NA,21.37,NA,NA,111.8,NA,93.9,56.87,NA,125.64,NA,41.89,NA,68.81,NA,NA,NA,NA,NA,46.19,NA,29.78,NA,NA,56.24,48.15,NA,57.31,28.58,NA,65.43,121.22,NA,72.28,NA,NA,72.98,122.12,89.37,82.9,56.38,NA,NA,NA,NA,70.38,NA,NA,45.86,47.87,54.32
Apr-98,36,20.36,NA,NA,NA,20.21,NA,NA,112.75,NA,65.83,52.75,NA,109.13,NA,36.88,NA,61,NA,NA,NA,NA,NA,58.45,NA,26.52,NA,NA,50.14,40.43,NA,46.17,27.36,NA,66.27,87.36,NA,69.98,NA,NA,74.65,105.5,83.28,69.68,47.35,NA,NA,NA,NA,55.88,NA,NA,40.46,41.44,46.23
May-98,36,18.98,NA,NA,NA,18.97,NA,NA,94.72,NA,73.79,54.23,NA,91,NA,34.16,NA,58.93,NA,NA,NA,NA,NA,79.28,NA,26.09,NA,NA,45.34,39.41,NA,44.13,26.56,NA,55.33,87.44,NA,75.5,NA,NA,51.41,91,77.04,69.42,43.72,NA,NA,NA,NA,52.95,NA,NA,38.08,39.67,44.02
Jun-98,37,19.68,NA,NA,NA,18.29,NA,NA,19.51,NA,57.24,47.38,NA,80.33,NA,34.12,NA,55.19,NA,NA,NA,NA,NA,94.48,NA,25.69,NA,NA,47.21,41.25,NA,44.03,25.62,NA,41.71,78.44,NA,68.81,NA,NA,68.25,68.25,84.3,70.74,51.1,NA,NA,NA,NA,54.39,NA,NA,31.67,41,45.75
Jul-98,37,19.36,NA,NA,NA,18.47,NA,NA,98.36,NA,67.82,51.23,NA,74.18,NA,34.9,NA,58.29,NA,NA,NA,NA,NA,77.05,NA,25.59,NA,NA,48.3,41.45,NA,40.84,25.79,NA,44.32,82.06,NA,64.63,NA,NA,65.14,78.4,84.05,71.62,42.85,NA,NA,NA,NA,53.54,NA,NA,38.79,43.4,44.63
Aug-98,39,21.15,NA,NA,NA,19.63,NA,NA,96.71,NA,77.43,52.35,NA,63.07,NA,31.88,NA,57.92,NA,NA,NA,NA,NA,80.86,NA,27.55,NA,NA,47.96,40.94,NA,42.23,27.54,NA,28.4,77.4,NA,75.03,NA,NA,68.25,124.82,81.16,64.3,44.69,NA,NA,NA,NA,49.17,NA,NA,39.69,45.3,44.79
Sep-98,41,21.68,NA,NA,NA,20.31,NA,NA,98.68,NA,57.21,50.47,NA,107.31,NA,37.39,NA,59.78,NA,NA,NA,NA,NA,81.21,NA,29.26,NA,NA,43.04,41.47,NA,45.3,29.54,NA,38.37,76.12,NA,66.52,NA,NA,72.05,68.25,87.34,71.49,48.24,NA,NA,NA,NA,47.08,NA,NA,42.09,47.1,44.21
Oct-98,45,23.43,NA,NA,NA,21.05,NA,NA,99.86,NA,75.5,53.07,NA,121.81,NA,39.38,NA,58.68,NA,NA,NA,NA,NA,79.49,NA,34.5,NA,NA,42.71,46.07,NA,43.34,31.33,NA,42.6,78.4,NA,70.06,NA,NA,68.91,122.32,95.97,72.79,50.03,NA,NA,NA,NA,54.62,NA,NA,45.04,52.09,43.03
Nov-98,45,24.15,NA,NA,NA,22.18,NA,NA,112.66,NA,59.15,49.45,NA,102.28,NA,39.06,NA,67.21,NA,NA,NA,NA,NA,93.07,NA,37.75,NA,NA,42.57,46.91,NA,42.23,34.13,NA,49.85,75.24,NA,70.67,NA,NA,75.5,98.25,87.64,75.5,48.65,NA,NA,NA,NA,57.01,NA,NA,45.76,49.81,42.4
Dec-98,50,NA,NA,NA,NA,NA,NA,NA,108.1,NA,85.86,58.79,NA,93.9,NA,40.01,NA,69.5,NA,NA,NA,NA,NA,88.13,NA,38.33,NA,NA,39.9,47.37,NA,43.91,37.83,NA,42.42,87.73,NA,78.55,NA,NA,58.55,121,95.43,75.61,54.48,NA,NA,NA,NA,57.27,NA,NA,49.48,78.33,41.86
Jan-99,51,34.58,NA,NA,NA,28.25,NA,NA,111.35,NA,92.81,62.09,NA,84.2,NA,47.66,NA,75.71,NA,NA,NA,NA,NA,88.34,NA,42.05,NA,NA,46.95,54.01,38.25,47.07,40.71,NA,51.06,121.14,NA,80.9,NA,NA,84.48,126.97,99.37,92.04,65.69,NA,NA,NA,NA,64.09,NA,NA,49.74,49.07,47.01
Feb-99,50,28.17,NA,NA,NA,26.23,NA,NA,112.49,NA,86.65,57.68,NA,121,NA,46.98,NA,59.19,NA,NA,NA,NA,NA,95.83,NA,42.38,NA,NA,48.07,47.13,54.56,49.81,40.38,NA,59.13,105.5,NA,78.31,NA,NA,94.35,87.58,103.43,82.87,58.22,NA,NA,NA,NA,61.76,NA,NA,49.12,45.21,48.96
Mar-99,42,22.8,NA,NA,NA,24.09,NA,NA,106.06,NA,84.82,53.72,NA,124.27,NA,39.58,NA,55,NA,NA,NA,NA,NA,87,NA,29.11,NA,NA,37.35,42.5,27.8,44.73,28.8,NA,49.69,89.03,NA,82.75,NA,NA,79.13,125.14,85.69,65.73,57.15,NA,NA,NA,NA,51.66,NA,NA,39.24,29.89,41.09
Apr-99,39,20.72,NA,NA,NA,23,NA,NA,88.11,NA,72.6,51.54,NA,125.19,NA,52.13,NA,52.58,NA,NA,NA,NA,NA,74.1,NA,27.28,NA,NA,38.28,35.02,35.83,40.83,27.08,NA,40.67,76.84,NA,69.7,NA,NA,53.37,55.17,72.32,58.89,46.7,NA,NA,NA,NA,52.54,NA,NA,36.94,28.45,39.53
May-99,35,20.94,NA,NA,NA,22.44,NA,NA,89.88,NA,55.86,46.03,NA,124.26,NA,33.5,NA,54.23,NA,NA,NA,NA,NA,69.78,NA,26.88,NA,NA,40.76,29.15,28.29,40.9,25.79,NA,36.84,71.09,NA,63.1,NA,NA,66.37,28.68,74.95,59.32,41.25,NA,NA,NA,NA,53.01,NA,NA,33.07,28.09,40.83
Jun-99,38,19.83,NA,NA,NA,19.42,NA,NA,87.82,NA,71.24,48.15,NA,125.24,NA,34.61,NA,52.39,NA,NA,NA,NA,NA,76.91,NA,26.19,NA,NA,34.98,35.52,39.8,32.45,28.13,NA,36.6,72.35,NA,55.17,NA,NA,61,71.36,68.66,59.02,32.17,NA,NA,NA,NA,50.2,NA,NA,32.79,27.29,33.7
Jul-99,37,19.64,NA,NA,NA,19.53,NA,NA,80.91,NA,61,40.44,NA,125.75,NA,28.4,NA,50.98,NA,NA,NA,NA,NA,70.23,NA,26.68,NA,NA,36.35,37.81,38.81,28.41,25.47,NA,41.43,70.23,NA,53.66,NA,NA,56.61,91,67.57,59.79,37.15,NA,NA,NA,NA,53.37,NA,NA,31.54,28.26,31.17
Aug-99,40,19.92,NA,NA,NA,NA,NA,NA,82.47,NA,68.98,27.9,NA,127.64,NA,28.31,NA,52.02,NA,NA,NA,NA,NA,79.4,NA,26.5,NA,NA,34.82,33.89,26.86,32.44,25.96,NA,39.97,62.67,NA,56.42,NA,NA,62.98,121,70.45,63.38,41.65,NA,NA,NA,NA,44.66,NA,NA,33.27,36.81,33.53
Sep-99,36,21.13,NA,NA,NA,19.1,NA,NA,83.6,NA,47.5,35.66,NA,126.4,NA,29.86,NA,52.67,NA,NA,NA,NA,NA,73.61,NA,27.58,NA,NA,38.98,33.98,32.04,37.14,26.84,NA,41.91,72.66,NA,57.14,NA,NA,53.26,91,70.99,64.24,38.32,NA,NA,NA,NA,49.24,NA,NA,32.25,27.97,38.29
Oct-99,35,21.46,NA,NA,NA,20.38,NA,NA,86.43,NA,56.65,28.5,NA,61,NA,34.7,NA,52.17,NA,NA,NA,NA,NA,69.29,NA,32.26,NA,NA,39.52,40.56,28.96,36.55,27,NA,45.1,75.22,NA,54.68,NA,NA,71,129.12,75.23,62.99,36.46,NA,NA,NA,NA,50.22,NA,NA,35.15,28.64,38.05
Nov-99,39,21.9,NA,NA,NA,19.96,NA,NA,92.67,NA,73.43,42.01,NA,125.09,NA,35.14,NA,54.92,NA,NA,NA,NA,NA,87.44,NA,31.6,NA,NA,44.34,40.27,37.44,37.82,27.38,NA,38.73,71.24,NA,58.09,NA,NA,67.04,80.94,77.57,65.28,55.7,NA,NA,NA,NA,44.16,NA,NA,36.05,29.02,41.26
Dec-99,36,22.56,NA,NA,NA,20.46,NA,NA,89.77,NA,87.77,47.89,NA,127.89,NA,39.53,NA,52.89,NA,NA,NA,NA,NA,79.85,NA,29.78,NA,NA,40.08,41.16,35.35,49.85,27.77,NA,46.66,72.07,NA,53.43,NA,NA,66.44,83.79,72.6,57.86,45.14,NA,NA,NA,NA,43.64,NA,NA,36.86,28.41,41.91
Jan-00,52,NA,NA,NA,NA,NA,NA,NA,NA,NA,77.57,51.2,NA,132.15,NA,47.85,NA,NA,NA,NA,NA,NA,NA,n.a.,NA,37.93,NA,NA,41.34,44.19,35.14,45.19,NA,NA,32.07,78.65,NA,66.08,NA,NA,75.5,124.35,n.a.,n.a.,69.7,NA,NA,NA,NA,38.98,NA,NA,40.57,22.68,43.13
Feb-00,35,19.83,NA,NA,NA,20.93,NA,NA,96.61,NA,94.63,57.05,NA,127.13,NA,38.32,NA,54.94,NA,NA,NA,NA,NA,73.97,NA,31.73,NA,NA,42.23,41.83,31,45.03,26.68,NA,49.92,82.96,NA,61.34,NA,NA,59.53,127.59,71.88,59.29,57.53,NA,NA,NA,NA,44.84,NA,NA,34.86,26.11,43.21
Mar-00,29,19.31,NA,NA,NA,18.19,NA,NA,89.42,NA,79.45,54.85,NA,127.55,NA,29.93,NA,47.39,NA,NA,NA,NA,NA,72.45,NA,26.51,NA,NA,34.17,29.48,24.15,29.55,24.72,NA,41.16,80.11,NA,55.58,NA,NA,67.9,125.23,64.92,53.31,46.11,NA,NA,NA,NA,35.83,NA,NA,29.11,25.34,32.6
Apr-00,30,23.5,NA,NA,NA,17.78,NA,NA,78.12,NA,54.56,50.03,NA,125.83,NA,28.67,NA,45.01,NA,NA,NA,NA,NA,62.61,NA,28.09,NA,NA,29.29,25.81,23.56,39.4,22.59,NA,28.37,64.32,NA,52.13,NA,NA,62.38,115.17,63.16,53.69,34.72,NA,NA,NA,NA,27.06,NA,NA,28.18,25.15,33.47
May-00,32,122.09,NA,NA,NA,17.41,NA,NA,84.26,NA,48.8,49.62,NA,109.96,NA,28.56,NA,48.19,NA,NA,NA,NA,NA,54.67,NA,28.47,NA,NA,29.87,24.32,24.93,35.14,22.5,NA,26.77,68.7,NA,61,NA,NA,63.9,79.13,54.92,53.1,29.44,NA,NA,NA,NA,27.95,NA,NA,27.8,26.81,32.43
Jun-00,30,17.94,NA,NA,NA,17.04,NA,NA,76.4,NA,49.64,40.08,NA,123.52,NA,27.54,NA,47.72,NA,NA,NA,NA,NA,58.05,NA,27.77,NA,NA,28.76,24.82,21.62,29.11,22.81,NA,25.86,59.84,NA,58.23,NA,NA,53.29,123.42,58.6,53.31,26.07,NA,NA,NA,NA,28.56,NA,NA,27.33,25.51,28.9
Jul-00,29,18.42,NA,NA,NA,17.67,NA,NA,80,NA,45.5,49.61,NA,116.38,NA,27.58,NA,50.08,NA,NA,NA,NA,NA,57.71,NA,29.48,NA,NA,28.73,25.11,21.5,35.71,23.13,NA,26.92,64.27,NA,53.61,NA,NA,41.74,79.13,59.05,53.92,29.26,NA,NA,NA,NA,27.04,NA,NA,27.41,24.9,31.44
Aug-00,28.6,19.83,NA,NA,NA,18.51,NA,NA,73.81,NA,50.65,39.42,NA,109.13,NA,27.5,NA,52.27,NA,NA,NA,NA,NA,61,NA,34.1,NA,NA,29.41,24.87,29.42,37.06,24.05,NA,25.18,59.29,NA,59.11,NA,NA,42,102.6,64.57,56.53,27.82,NA,NA,NA,NA,29.08,NA,NA,28.37,26.29,32.86
Sep-00,29.5,20.29,NA,NA,NA,19.15,NA,NA,74.15,NA,48.09,41.08,NA,106.71,NA,27.61,NA,51.17,NA,NA,NA,NA,NA,68.77,NA,34.74,NA,NA,29.64,26.76,33.18,37.75,26.01,NA,26.64,59.65,NA,55.76,NA,NA,63.36,100.06,66.71,56.93,28.12,NA,NA,NA,NA,28.6,NA,NA,29.28,27.04,33.39
Oct-00,31.2,19.52,NA,NA,NA,18.95,NA,NA,29.71,NA,44.69,38.72,NA,86.18,NA,29.73,NA,49.02,NA,NA,NA,NA,NA,73.81,NA,38.68,NA,NA,29.67,26.91,25.61,42.35,27.65,NA,26.33,69.42,NA,55.99,NA,NA,51.43,108.4,64.91,58.18,26.4,NA,NA,NA,NA,37.9,NA,NA,29.45,26.24,35.13
Nov-00,32.7,18.81,NA,NA,NA,18.88,NA,NA,NA,NA,53.31,38.42,NA,92.45,NA,29.83,NA,50.02,NA,NA,NA,NA,NA,69.59,NA,39.79,NA,NA,31.88,25.78,34.63,52.15,26.44,NA,24.48,63.07,NA,58.55,NA,NA,40.43,125.23,67.77,59.36,28.23,NA,NA,NA,NA,40.47,NA,NA,29.24,25.87,40.87
Dec-00,33.7,18.69,NA,NA,NA,18.46,NA,NA,NA,NA,69.7,41.08,NA,105.5,NA,34.46,NA,52.24,NA,NA,NA,NA,NA,71.63,NA,41.23,NA,NA,33.29,26.59,24.66,68.89,27.84,NA,26.85,63.72,NA,62.29,NA,NA,55.42,107.11,67.38,56.36,24.66,NA,NA,NA,NA,37.33,NA,NA,32.35,26.2,50.45
1-Jan,29.5,19.19,NA,NA,NA,19.08,NA,NA,NA,NA,47.31,41.42,NA,105.5,NA,35.37,NA,57.14,NA,NA,NA,NA,NA,84.68,NA,45.35,NA,NA,38.25,26.21,23.56,73.3,28.48,NA,26.57,63.26,NA,63.72,NA,NA,53.96,112.75,70.1,n.a.,29.52,NA,NA,NA,NA,42.83,NA,NA,32.96,23.64,54.33
1-Feb,34.1,19.33,NA,NA,NA,18.96,NA,NA,NA,NA,50.33,45.99,NA,123.67,NA,35.17,NA,50.47,NA,23.79,NA,NA,NA,82.03,NA,37.53,NA,NA,39.7,24.69,32.61,57.01,27.84,NA,25.34,54.88,NA,59.24,NA,NA,48.88,126.18,66.18,53.95,23.97,NA,NA,NA,NA,36.08,NA,NA,31.32,26.12,47.9
1-Mar,26.2,17.93,NA,NA,NA,17.61,NA,NA,NA,NA,27.2,43.46,NA,96.44,NA,26.99,NA,48.05,NA,34.63,NA,NA,NA,57.39,NA,33.75,NA,NA,34.57,21.18,24.82,39.06,24.15,NA,24.4,56.42,NA,52.75,NA,NA,53.41,123.64,56.05,52.84,22.05,NA,NA,NA,NA,32,NA,NA,26.48,23.55,37.26
1-Apr,26.4,18.49,NA,NA,NA,16.59,NA,NA,NA,NA,37.69,43.81,NA,99.92,NA,26.38,NA,50.12,NA,27.71,NA,NA,NA,64.43,NA,33.52,NA,NA,29.33,20.47,27.83,35.44,24.27,NA,22.59,64.95,NA,44.9,NA,NA,36.12,91,61.71,44.95,22.43,NA,NA,NA,NA,29.18,NA,NA,26.44,25.14,32.51
1-May,25.3,18.57,NA,NA,NA,17.72,NA,NA,22.23,NA,37.93,29.26,NA,88.33,NA,26.05,NA,40.84,NA,51.3,NA,NA,NA,51.63,NA,36.63,NA,NA,28.17,20.64,24.36,38.12,23.93,NA,25.25,62.73,NA,57.77,NA,NA,27.78,75.5,45.09,49.74,21.74,NA,NA,NA,NA,43.55,NA,NA,26.13,22.93,32.1
1-Jun,26.6,20.8,NA,NA,NA,18.7,NA,NA,21.75,NA,32.74,27.96,NA,98.91,NA,25.15,NA,45.2,NA,78.72,NA,NA,NA,55.51,NA,39.91,NA,NA,27.1,22.66,34.95,29.66,25.77,NA,24.62,55.29,NA,48.61,NA,NA,29.49,34.63,42.8,56.3,22.81,NA,NA,NA,NA,47.2,NA,NA,27.23,26.23,28.23
1-Jul,28.2,22.1,NA,NA,NA,20.67,NA,NA,22.77,NA,27.69,35.38,NA,91.81,NA,25.42,NA,54.87,NA,65.83,NA,NA,NA,61,NA,39.92,NA,NA,34.01,23.21,57.58,36.28,26.52,NA,29.46,51.4,NA,50.58,NA,NA,28.02,61,42.02,66.45,24.03,NA,NA,NA,NA,58.01,NA,NA,28.36,28.02,35.45
1-Aug,28.6,23.94,NA,NA,NA,21.75,NA,NA,22.75,NA,29.07,33.32,NA,76.47,NA,25.53,NA,56.13,NA,69.06,NA,NA,NA,63.27,NA,45.07,NA,NA,28.25,25.68,63.9,34.15,27.61,NA,40.25,62.22,NA,62.51,NA,NA,27.85,62.61,50.65,70.71,27.79,NA,NA,NA,NA,51.62,NA,NA,29.58,31.49,29.61
1-Sep,28.6,23.63,NA,NA,NA,22.69,NA,NA,23.05,NA,28.77,28.85,NA,77.31,NA,26.11,NA,63.42,NA,65.83,NA,NA,NA,78.72,NA,46.05,NA,NA,28.87,26.29,63.42,39.39,27.48,NA,33.38,63.66,NA,63.02,NA,NA,28.23,98.25,45.03,69.83,34.92,NA,NA,NA,NA,NA,NA,NA,29.85,32.63,33.89
1-Oct,34,36.67,NA,NA,NA,22.68,NA,NA,20.75,NA,45.5,29.67,NA,80.68,NA,27.12,NA,56.7,NA,76.41,NA,NA,NA,57.36,NA,47.73,NA,NA,27.14,28.08,63.07,40.67,31.82,NA,44.78,71.65,NA,67.54,NA,NA,28.98,65.14,50.77,72.79,38.72,NA,NA,NA,NA,48.54,NA,NA,34.77,38.06,35.01
1-Nov,31.5,25.32,NA,NA,NA,22.68,NA,NA,23.4,NA,36.8,35.07,NA,79.96,NA,27.82,NA,53.46,NA,66.8,NA,NA,NA,59.24,NA,46.52,NA,NA,29.6,29.15,53.41,43.3,31.75,NA,38.91,74.01,NA,62.76,NA,NA,38.76,51.94,31,74.06,28.42,NA,NA,NA,NA,49,NA,NA,33.98,32.64,36.91
1-Dec,34.9,25,NA,NA,NA,24.16,NA,NA,25.91,NA,56.7,29.3,NA,129.13,NA,28.1,NA,63.32,NA,51.3,NA,NA,NA,66.8,NA,51.25,NA,NA,34.11,31.62,41.88,41.89,38.98,NA,46.63,69.99,NA,65.69,NA,NA,40.23,101.88,49.24,76.14,40.84,NA,NA,NA,NA,47.53,NA,NA,37.68,37.27,37.79
2-Jan,38.8,27.84,NA,NA,NA,28.47,NA,NA,25.93,NA,42.28,38.69,NA,126.89,NA,29.73,NA,64.41,NA,81.3,NA,NA,NA,68.25,NA,53.34,NA,NA,37.15,33.23,55.86,39.89,43.95,NA,51.08,92.32,NA,84.4,NA,NA,47.31,78.4,46.19,78.7,36.58,NA,NA,27.68,NA,NA,NA,NA,39.52,39.86,38.39
2-Feb,39,27.98,NA,NA,NA,26,NA,NA,28.88,NA,37.69,35.63,NA,124.87,NA,32.36,NA,70.35,NA,105.5,NA,NA,NA,57.58,NA,51.23,NA,NA,40.59,34.88,44.65,39.14,43.29,NA,52.21,77.85,NA,80.06,NA,NA,33.42,93.42,54.36,71.6,44.29,NA,NA,43.23,NA,NA,NA,NA,39.53,35.96,39.98
2-Mar,28.1,22.05,NA,NA,NA,20.94,NA,NA,26.09,NA,25.61,36.32,NA,121,NA,26.52,NA,46.52,NA,75.5,NA,NA,NA,55,NA,43.84,NA,NA,32.41,24.23,48.14,34.51,29.27,NA,44.37,59.54,NA,93.07,NA,NA,29.03,63.42,37.82,57.66,29.09,NA,NA,41.88,NA,NA,NA,NA,28.31,25.14,33.37
2-Apr,25.4,19.28,NA,NA,NA,18.65,NA,NA,23.92,NA,26.43,27.74,NA,88.29,NA,24.41,NA,41.63,NA,61,NA,NA,NA,44.81,NA,38.25,NA,NA,32.81,23.09,43.21,31.97,25.59,NA,32.5,56.97,NA,75.5,NA,NA,28.68,52.75,36.44,50.42,27.51,NA,NA,26.18,NA,NA,NA,NA,25.66,21.96,32.39
2-May,23.7,18.75,NA,NA,NA,18.84,NA,NA,21.42,NA,25.22,25.82,NA,84.2,NA,23.11,NA,37.55,NA,53.23,NA,NA,NA,n.a.,NA,33.96,NA,NA,28.18,21.83,32.61,29.16,24.13,NA,31.2,55.91,NA,54.26,NA,NA,27.71,58.39,29.12,45.71,26.76,NA,NA,35.35,NA,NA,NA,NA,24.4,21.34,28.64
2-Jun,23.4,18.59,NA,NA,NA,18.15,NA,NA,22.12,NA,27.78,26.6,NA,97.11,NA,22.16,NA,34.32,NA,71.88,NA,NA,NA,43.47,NA,34.83,NA,NA,27.32,21.51,35.53,27.17,22.66,NA,28.92,48.04,NA,62.16,NA,NA,26.05,42.28,36.44,47.63,27.5,NA,NA,28.51,NA,45.34,NA,NA,24.16,21.56,27.25
2-Jul,23.4,18.64,NA,NA,NA,18.06,NA,NA,21.78,NA,28.81,23.79,NA,108.91,NA,22.26,NA,37.13,NA,69.46,NA,NA,NA,38.48,NA,37.79,NA,NA,28.8,21.68,35.83,26.48,23.09,20.5,27,32.25,NA,45.5,NA,NA,26.07,62.81,27.69,47.46,29.14,NA,NA,28.3,NA,32.14,NA,NA,24.11,21.89,27.36
2-Aug,24.2,18.63,NA,NA,NA,18.51,NA,NA,21.88,NA,26.34,23.56,NA,103.52,NA,22.61,NA,42.79,NA,58.55,NA,NA,NA,46.59,NA,38.15,NA,NA,26.18,20.95,34.63,24.71,22.94,24.6,27.98,44.1,NA,51.91,NA,NA,25.31,56.38,29.21,45.83,24.84,NA,NA,29.53,NA,20.51,NA,NA,24.14,23.03,25.41
2-Sep,23.4,20.19,NA,NA,NA,18.52,NA,NA,22.17,NA,25.57,23.89,NA,104.69,NA,22.54,NA,46.25,NA,80.94,NA,NA,NA,42.68,NA,41.07,NA,NA,24.59,20.83,26,25.17,23.78,27.1,25.53,45.94,NA,38.25,NA,NA,25.74,48.4,31.33,48.91,24.79,NA,NA,32.28,NA,21.99,NA,NA,24.51,24.17,24.88
2-Oct,25.4,20.86,NA,NA,NA,19.84,NA,NA,22.51,NA,27.65,24.67,NA,102.05,NA,24.32,NA,45.5,NA,52.75,NA,NA,NA,42.05,NA,44.41,NA,NA,25.78,22.69,35.03,28.06,25.08,29.3,27.86,38.72,NA,61,NA,NA,25.62,65.83,35.28,50.27,25.55,NA,NA,37.44,NA,24.2,NA,NA,26.11,25.61,26.94
2-Nov,27.6,21.64,NA,NA,NA,19.52,NA,NA,23.51,NA,26.99,27.27,NA,106.47,NA,25.48,NA,48.88,NA,68.25,NA,NA,NA,44.05,NA,45.16,NA,NA,29.31,24.04,31,25.72,27.72,31,32.86,38.99,NA,46.56,NA,NA,27.3,35.83,40.23,52.31,28.8,NA,NA,28.98,NA,45.72,NA,NA,27.58,26.3,27.26
2-Dec,28.1,23.02,NA,NA,NA,21.12,NA,NA,22.37,NA,33.29,25.33,NA,116.38,NA,25.05,NA,57.39,NA,55.65,NA,NA,NA,47.63,NA,48.56,NA,NA,29.52,25.25,37.04,29.14,28.39,36.2,36.5,44.72,NA,48.61,NA,NA,26.02,43.08,43.89,54.55,29.11,NA,NA,28.61,NA,NA,NA,NA,28.52,29.16,29.3
3-Jan,32.3,25.98,NA,NA,NA,22.41,NA,NA,27.44,NA,38.6,27.06,NA,124.41,NA,26.62,NA,64.22,128.8,75.5,NA,NA,NA,58.11,NA,54.57,NA,NA,31.21,28.18,48.72,34.2,36.6,41.8,42.96,54.85,NA,56.38,NA,NA,28.93,38.25,35.83,67.73,34.84,NA,NA,44.05,57.1,35.53,NA,NA,33.74,33.29,32.51
3-Feb,34.2,26.1,NA,NA,NA,22.15,NA,NA,26.03,NA,27.93,26.44,NA,123.01,NA,27.65,NA,64.11,125.1,100.67,NA,NA,NA,55.59,NA,52.06,NA,NA,34.78,28.5,39.46,33.75,36.46,38.3,49.42,51.8,NA,62.85,NA,NA,31.54,49.13,46.66,63.19,39.39,NA,NA,41.36,47.57,28.87,NA,NA,34.23,31.83,34.38
3-Mar,29.6,21.42,NA,NA,NA,19.23,NA,NA,24.13,NA,27.75,24.88,NA,116.78,NA,25.08,NA,57.55,98.3,95.83,NA,NA,NA,69.57,NA,47.2,NA,NA,29.68,24.25,40.67,25.91,29.03,29.5,28.98,54.48,NA,52.37,NA,NA,24.76,91,75.5,59.31,31.29,NA,NA,27.91,45.5,26.22,NA,NA,28.2,28.43,28.05
3-Apr,27.8,20.66,NA,NA,NA,18.49,NA,NA,22.17,NA,28.93,22.31,NA,121,NA,25.11,NA,55.17,86.4,85.54,NA,NA,NA,70,NA,43.73,NA,NA,28.55,23.41,31,26.74,28.31,28,28.19,47.97,NA,62.61,NA,NA,23.7,29.28,67.21,59.7,27.01,NA,NA,26.12,40.23,25.84,NA,NA,27.15,27.82,27.75
3-May,27.2,20.59,NA,NA,NA,18.77,NA,NA,22.96,NA,21.91,25.24,NA,110.68,NA,24.11,NA,57.54,95.8,86.78,NA,NA,NA,73.89,NA,42.86,NA,NA,27.95,23.29,27.36,24.58,27.5,27.6,28.03,43.01,NA,57.98,NA,NA,25.43,45.5,71.88,61.35,29.39,NA,NA,26.6,28.72,28.19,NA,NA,26.93,28.54,26.48
3-Jun,27.6,21.15,NA,67.73,NA,19.08,NA,NA,22.44,NA,25.75,22.75,NA,98.25,NA,23.54,NA,59.79,105.5,93.42,NA,NA,NA,n.a.,NA,43.52,NA,NA,26.97,23.48,31,23.72,35.54,31,29.76,40.99,NA,64.92,NA,NA,24.86,40.23,66.03,65.31,29.55,NA,NA,26.44,28.6,25.87,NA,NA,27.46,28.94,25.51
3-Jul,26.3,20.96,NA,74.62,NA,19.6,NA,NA,21.38,NA,25.83,22.08,NA,107.43,NA,22.67,NA,67.69,78.4,103.69,NA,NA,NA,67.69,NA,42.95,NA,NA,26.36,22.83,24.6,24.36,26.92,27.7,27.71,37.36,NA,62.86,NA,NA,25.35,31,73.05,64.08,27.17,NA,NA,23.56,27.51,27.64,NA,NA,26.44,29.06,25.52
3-Aug,25.7,21.09,NA,n.a.,NA,19.58,NA,NA,21.29,NA,25.54,22.35,NA,101.68,NA,22.72,NA,65.17,123.1,85.54,NA,NA,NA,84.39,NA,41.82,NA,NA,25.89,21.6,24.03,23.81,26.21,27.8,27.23,37.39,NA,64.89,NA,NA,25.2,49.64,76.84,59.51,26.33,NA,NA,21.7,32.61,26.17,NA,NA,25.91,28.94,25.01
3-Sep,24.2,19.71,NA,66.44,NA,19.86,NA,NA,21.55,NA,28.14,21.34,NA,111.88,NA,21.82,NA,71.08,64.6,111.08,NA,NA,NA,69.59,NA,41.4,NA,NA,25.12,21.36,27.1,22.86,24.72,28.7,27.53,38.46,NA,64.73,NA,NA,25.92,44.18,68.66,n.a.,27.03,NA,NA,23.4,41.88,24.69,NA,NA,24.75,25.68,24.06
3-Oct,26.4,20.49,NA,74.9,NA,19.41,NA,NA,23.72,NA,32.04,23.23,NA,108.98,NA,22.36,NA,58.99,79.6,98.81,NA,NA,NA,79.37,NA,41.57,NA,NA,24.71,22.43,27.28,23.19,25.2,26.8,27.92,43.51,NA,62.4,NA,NA,25.76,29,69.8,61.09,25.22,NA,NA,25.86,39.92,24.53,NA,NA,25.72,28.36,24.04
3-Nov,26.6,20.66,NA,82.46,NA,20.01,NA,NA,24.51,NA,32.67,24.64,NA,121,NA,23.43,NA,67.81,80.3,86.38,NA,NA,NA,79.5,NA,42.92,NA,NA,25.04,22.86,27.73,22.81,25.98,28.3,28.1,50.33,NA,51.02,NA,NA,26.54,68.25,69.22,63.27,27.49,NA,NA,27.17,51.71,24.81,NA,NA,26.55,28.78,24.14
3-Dec,26.7,20.74,NA,77.68,NA,21.1,NA,NA,25.07,NA,37,23.62,NA,115.54,NA,23.39,NA,67.69,98.3,100.67,NA,NA,NA,72.23,NA,44.57,NA,NA,26.13,23.26,23.79,24.39,26.18,28.4,26.57,44.8,NA,77,NA,NA,27.28,91,78.24,63.05,48.46,NA,NA,29.16,48.22,23.28,NA,NA,26.94,28.33,25.37
4-Jan,27.2,21.39,NA,92.61,NA,20.54,NA,NA,26.42,NA,46.35,26.96,NA,126.12,NA,23.95,NA,86.24,124.6,125.14,NA,NA,NA,78.4,NA,41,NA,NA,27.92,23.48,31,26.39,26.72,26.4,NA,52.75,NA,29.44,NA,NA,36.04,107.31,77,72.79,NA,NA,NA,34.73,70.67,24.63,NA,NA,27.65,31.53,27.25
4-Feb,26,20.78,NA,79.37,NA,20.37,NA,NA,26.81,NA,35.03,26.38,NA,122.32,NA,24.11,NA,56.53,123.4,126.8,NA,NA,NA,83.41,NA,36.27,NA,NA,39.15,23.05,25.31,27.02,25.07,26,NA,56.73,NA,29.22,NA,NA,33.69,69.7,78.4,58.07,NA,NA,NA,23.14,65.14,22.87,NA,NA,27.14,27.51,32.84
4-Mar,24.8,49.2,69.29,87.44,NA,46.1,NA,NA,23.84,NA,41.88,24.21,NA,121.28,NA,21.21,NA,52.06,126.8,100.67,NA,NA,NA,66.5,NA,27.77,NA,NA,33.4,20.77,24.49,23.43,21.56,23.3,NA,46.45,NA,56.23,NA,NA,33.42,63.9,56.29,55.07,NA,NA,NA,24.95,51.08,20.24,NA,NA,25.27,36.59,27.52
4-Apr,23.3,49,63.9,68.79,NA,47.19,NA,NA,23.68,NA,33.9,22.07,NA,112.75,NA,21.13,NA,42.68,125.8,86.78,NA,NA,NA,45.75,NA,27.63,NA,NA,25.41,19.21,23.18,22.46,20.43,22.3,NA,33.14,NA,43.34,NA,NA,27.94,49.13,31.97,46.06,NA,NA,NA,22.34,49.64,21.26,NA,NA,23.25,27.05,24.3
4-May,21.9,49.19,50.84,68.25,NA,46.69,NA,NA,21.52,NA,26.27,21.2,NA,91.69,NA,20.22,NA,41.03,125.8,75.5,NA,NA,NA,46.37,NA,33.97,NA,NA,25.21,18.41,20.68,21.05,19.76,22.7,NA,27.31,NA,53.66,NA,NA,31.87,46.82,29.81,45.24,NA,NA,NA,19.95,26.38,20,NA,NA,22.66,26.37,23.39
4-Jun,22.7,49.56,43.21,58.48,NA,46.95,NA,NA,21.46,NA,22.09,19.46,NA,96.64,NA,20.16,NA,40.06,91,70.23,NA,NA,NA,44.81,NA,35.08,NA,NA,29.48,18.07,18.4,20.97,19.52,23.7,NA,25.19,NA,35.32,NA,NA,24.29,52.75,27.51,46.36,NA,NA,NA,20.71,27.44,18.88,NA,NA,22.84,28.21,25.48
4-Jul,24,49.4,37.77,64.37,NA,47.26,NA,NA,21.05,NA,25.59,17.29,NA,80.18,NA,21.1,NA,41.74,91,68.25,NA,NA,NA,51.61,NA,42.74,NA,NA,22.82,19.13,21.65,20.91,20.87,22.9,NA,26.74,NA,33.93,NA,NA,26.34,49.13,28.79,45.05,NA,NA,NA,19.93,41.36,21.78,NA,NA,23.41,28.77,22.01
4-Aug,26.3,50.42,45.5,63.9,NA,46.74,NA,NA,21.17,NA,25.11,18.83,NA,89.52,NA,22.83,NA,42.72,82.8,74.84,NA,NA,NA,48.95,NA,49.4,NA,NA,24.54,19.94,20.77,22.53,23.87,24.9,NA,28.12,NA,42.65,NA,NA,26.26,56.65,26.23,45.12,NA,NA,NA,21.74,37.34,23.87,NA,NA,25.24,29.26,23.61
4-Sep,28.6,51.36,42.15,74.78,NA,46.72,NA,NA,21.74,NA,26.38,18.79,NA,96.34,NA,25.04,NA,41.81,105.5,61,NA,NA,NA,49.75,NA,52.28,NA,NA,27.2,20.8,21.71,23.38,26.99,25.8,NA,35.41,NA,54.33,NA,NA,27.53,55.17,28.31,46.62,NA,NA,NA,21.85,41.72,25.76,NA,NA,27.2,29.62,25.35
4-Oct,33.6,49.44,61,71.88,NA,47.19,NA,NA,22.8,NA,24.71,19.84,NA,91,NA,27.33,NA,34.63,97.2,61,NA,NA,NA,48.66,NA,58.02,NA,NA,33.41,21.53,21.97,25.92,34.12,23.3,NA,36.7,NA,42.42,NA,NA,29.5,68.25,32.29,48.79,NA,NA,NA,21.65,37.44,34.41,NA,NA,29.4,29.03,28.88
4-Nov,36.1,50.33,48.22,81.14,NA,46.99,NA,NA,23.83,NA,26.91,19.98,NA,107.92,NA,29.5,NA,34.35,112.8,68.25,NA,NA,NA,47.23,NA,62.72,NA,NA,37.76,21.93,22.05,29.75,39.29,24.7,NA,43.63,NA,62.04,NA,NA,26.48,48.4,35.65,49.16,NA,NA,NA,n.a.,49.76,43.15,NA,NA,33.45,29.68,34.86
4-Dec,40.3,52.63,50.94,79.28,NA,47.16,NA,NA,23.79,NA,31,20.83,NA,101.36,NA,31.4,NA,47.95,105.5,66.8,NA,NA,NA,54.42,NA,65.73,NA,NA,43.95,23.52,19.13,33.25,46.68,28.4,NA,33.46,NA,55.61,NA,NA,38.57,49.45,38.79,52.34,NA,NA,NA,22.89,40.67,41.67,NA,NA,36.76,33.06,39.19
5-Jan,43.8,61,32.61,91,NA,48.73,NA,NA,26.25,NA,28.61,NA,NA,123.23,NA,36.19,NA,52.03,82.8,88.88,NA,NA,NA,50.14,NA,70.88,NA,NA,43.69,25.07,23.5,34.2,50.22,26.4,NA,47.16,NA,76.13,NA,NA,40.78,57.1,36.91,51.57,NA,NA,NA,24.96,75.5,46.88,NA,NA,40.97,33.05,40.3
5-Feb,40.1,50.65,63.64,78.22,NA,NA,NA,NA,24.67,NA,43.79,NA,NA,122.07,NA,28.53,NA,31.69,105.5,75.5,NA,NA,NA,47.79,NA,63.05,NA,NA,45.9,23.4,19.34,40.06,48.44,23.4,NA,52.43,NA,72.05,NA,NA,35.38,61,42.15,47.64,NA,NA,NA,n.a.,61,49.27,NA,NA,35.76,24.79,43.42
5-Mar,29.6,46.4,55.17,69.2,NA,43.67,NA,NA,23.24,NA,33.07,NA,NA,102.86,NA,25.57,NA,25.2,102.6,73.43,NA,NA,NA,40.38,NA,52.71,NA,NA,42.19,20.85,19.58,31.04,39.2,20.8,NA,42.37,NA,49.24,NA,NA,27.1,66.8,33.66,40.32,NA,NA,NA,23.6,71.36,41.62,NA,NA,28.7,24.82,37.75
5-Apr,27.6,47.56,45.5,63.67,NA,43.97,NA,NA,23.04,NA,24.96,NA,NA,88.11,NA,22.86,NA,29.66,75.5,56.13,NA,NA,NA,39.29,NA,45.46,NA,NA,41.29,20.22,19.8,27.64,36.69,20.6,NA,35.91,NA,35.46,NA,NA,27.54,71.88,28.17,39.74,NA,NA,NA,21.23,38.91,31.78,NA,NA,26.91,24.48,35.55
5-May,26.7,45.76,27.28,62.67,NA,43.58,NA,NA,20.78,NA,27.9,NA,NA,91,NA,21.92,NA,25.83,80.3,54.73,NA,NA,NA,40.67,NA,45.33,NA,NA,35.42,19.54,19.72,25.1,33.89,20.4,NA,34.05,NA,59.36,NA,NA,25.62,84.2,26.12,37.57,NA,NA,NA,20.74,28.14,25.6,NA,NA,25.69,24.43,28.89
5-Jun,27.5,47.46,25.28,64.05,NA,44.49,NA,NA,20.56,NA,26.74,NA,NA,n.a.,NA,21.82,NA,28.77,91,56.38,NA,NA,NA,40.92,NA,46.1,NA,NA,34.76,19.45,21.56,23.65,32.27,21.1,NA,39.63,NA,63.04,NA,NA,25.55,39.06,27.04,38.06,NA,NA,NA,22.26,27.26,25.3,NA,NA,25.63,25.77,28.1
5-Jul,28.6,47.54,33.23,62.06,NA,45.86,NA,NA,21.42,NA,25.76,NA,NA,97.96,NA,21.94,NA,34.43,105.5,64.87,NA,NA,NA,45.83,NA,47.65,NA,NA,36.84,20.92,22.12,24.91,37.38,22.6,NA,40.48,NA,52.38,NA,NA,24.55,36.8,35.2,43.39,NA,NA,NA,19.96,36.64,24.48,NA,NA,26.83,28,29.39
5-Aug,28.8,49.48,40.38,63.12,NA,45.26,NA,NA,21.38,NA,23.72,NA,NA,91.48,NA,23.07,NA,41.18,75.5,57.28,NA,NA,NA,44.35,NA,47.54,NA,NA,33.85,22.93,21.61,25.22,40.25,24.2,NA,40.32,NA,69.98,NA,NA,24.96,51.94,28.65,45.84,NA,NA,NA,n.a.,33.9,26.51,NA,NA,27.85,29.07,28.64
5-Sep,29.7,49.32,49.85,69.86,NA,46.88,NA,NA,21.64,NA,26.32,NA,NA,100.43,NA,24.29,NA,44.34,91,70.67,NA,NA,NA,50.11,NA,50.1,NA,NA,37.75,24.66,27.64,25.26,43.54,24.1,NA,44.25,NA,68.1,NA,NA,23.86,65.83,38.66,49.07,NA,NA,NA,21.83,24.09,28.96,NA,NA,29.54,32.28,29.91
5-Oct,33.8,46.96,51.54,72.71,NA,47.59,NA,NA,25.22,NA,31.91,NA,NA,98.91,NA,26.03,NA,33.69,98.3,76.71,NA,NA,NA,58.45,NA,51.33,NA,NA,40.16,27.23,25.76,27.13,47.64,24,NA,46.25,NA,53.87,NA,NA,26.74,46.35,40.23,52.92,NA,NA,NA,23.33,33.64,34.16,NA,NA,32.59,31.9,34.01
5-Nov,38.7,49.61,45.5,72.81,NA,48.83,NA,NA,26.44,NA,31.73,NA,NA,102.39,NA,28.74,NA,47.14,78.7,58.19,NA,NA,NA,58.68,NA,55.37,NA,NA,43.98,31.07,22.75,29.3,50.45,26.1,NA,54.88,NA,65.83,NA,NA,27.06,86.38,41.77,57.44,NA,NA,NA,24.22,29.17,34.13,NA,NA,36.78,35.46,38.25
5-Dec,42.9,54.15,64.22,86,NA,49.67,NA,NA,26.81,NA,37.21,NA,NA,112.75,NA,35.42,NA,52.03,68.3,80.33,NA,NA,NA,63.56,NA,61.26,NA,NA,45.94,37.83,29.03,37.48,54.21,38.3,NA,54.56,NA,88.24,NA,NA,32.66,65.83,54.39,62.4,NA,NA,NA,27.43,50.03,42.26,NA,NA,41.75,39.46,42.39
6-Jan,47.7,25.37,45.5,73.69,NA,28.13,NA,NA,32.44,50.3,57.28,NA,24.61,117.77,NA,41.39,NA,67.59,112.8,105.5,NA,121,NA,79.37,NA,65.38,NA,NA,52.05,43.89,29.28,43.91,57.94,44.83,NA,66.8,NA,95.05,NA,NA,54.5,97.21,61.76,76.1,NA,NA,NA,38.4,57.1,50.07,NA,NA,47.75,34.64,48.48
6-Feb,53.3,23.48,81.3,101.47,NA,26.13,NA,NA,39.1,75.5,73.69,NA,45.5,125.98,NA,40.68,NA,73.89,125.8,88.39,NA,128.25,NA,81.47,NA,62.47,NA,NA,51.16,43.84,51.71,49.63,62.56,26.1,NA,79.5,NA,100.67,NA,NA,41.2,61,70.06,80.83,NA,NA,NA,48.32,80.77,59.76,NA,NA,49.14,28.77,50.49
6-Mar,44.5,20.77,68.25,89.19,NA,22.3,NA,NA,36.23,55.2,66.97,NA,38.81,96.8,NA,37.91,NA,42.35,123.4,114.2,NA,124.63,NA,84.56,NA,55.87,NA,NA,47.03,36.87,43.89,47.65,51.69,23.88,NA,67.55,NA,97.16,NA,NA,39.18,69.7,55.31,66.11,NA,NA,NA,41.4,37.44,45.83,NA,NA,43.48,24.84,47.28
6-Apr,42.5,20.44,75.5,79.85,NA,23.33,NA,NA,39.95,52.8,33.64,NA,41.88,121.58,NA,36.11,NA,34.98,105.5,82.75,NA,127.21,NA,58.68,NA,56.42,NA,NA,49.23,35.88,32.93,46.86,48.4,25.73,NA,62.04,NA,75.86,NA,NA,40.67,56.38,51.77,55.48,NA,57.9,NA,39.32,103.43,44.62,NA,61,42.13,24.35,48.34
6-May,44.5,20.47,65.35,70.67,NA,21.7,NA,NA,38.34,65.8,62.32,NA,40.89,108.72,NA,37.68,NA,31.97,121,62.81,NA,131.88,NA,63.32,NA,61.42,NA,NA,54.73,36.47,47.11,50,49.64,25.71,NA,55.47,NA,81.61,NA,NA,36,101.88,50.8,57.79,NA,64.2,NA,48.66,64.63,44.39,NA,47.7,43.99,24.39,52.67
6-Jun,41.9,20.52,86.38,72.69,NA,21.36,NA,NA,38.5,65.8,37.98,NA,44.46,107.57,NA,39.36,NA,45.5,128.3,65.83,NA,130.67,NA,59.09,NA,63.7,NA,NA,58.39,36.95,38.63,52.17,51.49,27.27,NA,52.4,NA,86.29,NA,NA,41.6,44.05,57.52,55.92,NA,59.1,NA,50.08,25.74,41.68,NA,47.3,44.77,23.74,55.79
6-Jul,47.7,21.13,61,78.52,NA,22.09,NA,NA,38.85,55.2,66.97,NA,42.2,102.28,NA,43.44,NA,45.02,91,76.82,NA,121,NA,73.08,NA,65.45,NA,NA,59.2,38.58,38.25,53.1,52.4,27.23,NA,69.7,NA,85.79,NA,NA,49.99,52.75,62.93,63.35,NA,46.3,NA,45.5,32.81,47.66,NA,54.7,47.04,25.4,56.54
6-Aug,50.9,22.78,75.5,79.42,NA,24.92,NA,NA,43.83,68.3,48.02,NA,49.96,92.81,NA,46.08,NA,48.58,109.1,79.85,NA,126.8,NA,64.35,NA,71.97,NA,NA,63.06,39.32,47.73,53.96,57.59,31,NA,62.61,NA,86.32,NA,NA,51.99,81.3,67.98,70.08,NA,69,NA,49.33,47.11,55.4,NA,44.4,50.79,28.25,58.31
6-Sep,54,24.46,73.08,100.86,NA,26.25,NA,NA,49.61,85.2,52.75,NA,64.05,110.94,NA,48.8,NA,57.74,121,88.39,NA,110.33,NA,86.98,NA,77.28,NA,NA,65.59,42.62,62.81,58,57.17,33.32,NA,72.05,NA,56.26,NA,NA,54.3,71.15,65.64,72.88,NA,67.6,NA,61.74,57.58,56.31,NA,47,53.72,29.85,62.51
6-Oct,56.5,24.43,83.79,88.39,NA,26.55,NA,NA,59.11,121,72.05,NA,56.89,118.07,NA,51.71,NA,50.42,124.6,93.07,NA,121,NA,97.34,NA,79.98,NA,NA,66.73,45.6,64.22,63.34,61.68,31.88,NA,88.68,NA,81.43,NA,NA,56.38,101.88,78.55,87.14,NA,56.4,NA,52.11,80.33,63.28,NA,47.9,56.39,32.36,65.27
6-Nov,67.8,23.61,75.5,115.74,NA,25.33,NA,NA,57.67,98.3,81.54,NA,52.19,122.81,NA,53.61,NA,56.02,91,92.61,NA,125.83,NA,100.67,NA,80.3,NA,NA,67.52,45.5,63.9,64.89,62.93,34.28,NA,82.19,NA,76.78,NA,NA,55.03,123.23,88.39,91,NA,54.2,NA,56.53,62.81,65.75,NA,43.4,57.53,33.55,66.44
6-Dec,72.1,27.46,91,108.06,NA,28.11,NA,NA,65.48,71.4,74.34,NA,64.22,110.33,NA,56.74,NA,71.15,132.6,117.58,NA,105.5,NA,101.88,NA,80.28,NA,NA,72.99,51.58,80.94,69.92,65.22,42.99,NA,91,NA,75.5,NA,NA,66.54,86.38,81.94,103.33,NA,78.4,NA,55.27,70.67,67.77,NA,69.3,62.94,42.34,71.68
7-Jan,68.7,39.17,109.13,104.18,NA,35.66,NA,NA,67.61,78.4,76.62,NA,71.88,129.8,NA,63.09,NA,87.28,80.3,121,NA,105.5,109.37,101.15,NA,87.69,NA,NA,74.27,58.38,80.33,74,69.65,53.59,NA,92.81,46.18,77,41.39,81.84,71.15,105.5,82.43,112.75,NA,52.3,NA,77.03,91,66.03,NA,51.7,68.66,49.94,74.17
7-Feb,66.1,28.68,125.14,124.7,NA,34.77,NA,NA,69,82.8,101.88,NA,100.67,124.02,NA,61.06,NA,64.87,129.7,125.14,NA,135.5,83.1,124.63,NA,86.87,NA,NA,74.92,50.33,80.33,74.63,67.28,26.46,NA,99.06,33.96,121.73,29.43,82.4,63.29,124.63,86.57,98.06,NA,80.3,NA,71.15,98.25,69.56,NA,69.3,68.53,41.56,74.81
7-Mar,52.9,22.9,126.44,118.19,NA,25.59,NA,NA,63.04,80.3,76.47,NA,64.63,112.75,NA,51.61,NA,41.07,130.1,125.83,NA,126.8,104.18,126.12,NA,76.31,NA,NA,72.85,39.16,105.5,77.55,51.04,25.77,NA,98.25,22.08,77.01,23.99,45.5,74.94,125.03,76.35,100.67,NA,98.3,NA,54.68,75.5,64.22,NA,80.3,55.98,27.63,74.39
7-Apr,53.1,21.12,122.38,108.4,NA,23.99,NA,NA,65.52,75.5,68.25,NA,65.83,125.83,NA,47.13,NA,35.51,98.3,121.63,NA,124.63,86.78,57.58,NA,70.5,NA,NA,71.17,35.76,91,72.17,51.27,23.23,NA,97.34,21.9,78.85,21.82,32.93,54.48,122.45,80.72,66.58,NA,73.4,NA,63.79,91,50.48,NA,54.6,50.96,25.34,71.55
7-May,50.8,21.18,95.83,94.22,NA,23.82,NA,NA,54.34,61,53.66,NA,83.79,125.26,NA,44.73,NA,31.54,112.8,56.05,NA,98.25,58.68,69.7,NA,69.68,NA,NA,73.94,35.61,105.5,67.03,48.02,23.83,NA,66.8,21.68,61.54,21.4,29.44,44.53,105.5,70.99,58.28,NA,50.9,NA,45.81,88.19,55.5,NA,70.7,48.83,25.15,71.69
7-Jun,51.7,22.82,98.25,89.53,NA,25.75,NA,NA,51.83,128.3,28.58,NA,93.42,110.33,NA,46,NA,40.09,82.8,61,NA,105.5,73.57,67.21,NA,71.6,NA,NA,73.05,36.39,38.25,71.47,49.46,24.65,NA,70.67,23.42,54.12,23.08,29.66,45.5,124.95,54.94,66.86,NA,35.5,NA,61,52.75,58.71,NA,62.3,49.56,26.87,72.51
7-Jul,50.7,23.42,55.17,81.17,NA,28.86,NA,NA,59.48,100.7,45.5,NA,78.72,121,NA,49.54,NA,47.31,127.4,79.13,NA,82.75,72.09,94.63,NA,76.27,NA,NA,74.92,44.04,73.08,71.88,50.51,23.56,NA,58.19,25.9,56.07,23.87,43.69,44.05,50.33,75.15,76.35,NA,47.9,NA,64.78,63.9,62.09,NA,65.8,53.03,28.73,73.78
7-Aug,54.7,27.16,86.38,87.21,NA,42.41,NA,NA,70.09,98.3,45.5,NA,68.25,116.38,NA,52.31,NA,53.18,105.5,98.25,NA,121,77.11,86.05,NA,81.7,NA,NA,76.56,50.43,75.5,75.77,51.78,25.13,NA,77.82,25.74,71.88,26.56,31,55.76,71.88,77.51,79.61,NA,51.3,NA,65.21,48.14,58.5,NA,75.5,57.31,36.05,76.26
7-Sep,56.7,28.76,86.38,85.47,NA,44.51,NA,NA,74,91,42.78,NA,95.83,126.22,NA,54.05,NA,51.71,105.5,121.73,NA,91,95.83,96.44,NA,85.48,NA,NA,67.05,45.33,75.5,77.88,53.19,29.13,NA,71.88,27.29,66.34,23.66,61,54.98,121,83.79,81.11,NA,53.8,NA,62.81,70.67,67.7,NA,34.6,58.84,36.85,73.15
7-Oct,58.8,31.48,100.67,105.5,NA,48.47,NA,NA,75.77,135.5,62.93,NA,93.9,124.22,NA,57.64,NA,48.4,127.2,117.1,NA,131.88,82.19,95.14,NA,79.1,NA,NA,70.79,52.75,75.5,79.24,64.3,28.45,NA,82.4,26.05,92.45,26.62,57.93,62.26,121,78.85,85.65,NA,86.4,86.78,56.1,98.25,75.1,NA,69.7,62.08,38.42,74.02
7-Nov,61.6,31.45,109.13,98.25,NA,53.12,NA,NA,69.51,125.8,49.53,NA,91,n.a.,NA,62.33,NA,52.5,129.3,126.44,NA,130.67,83.23,105.5,NA,87.79,NA,NA,71.05,47.18,57.58,74.42,68.71,33.77,NA,94.11,29.15,101.04,28.77,62.81,62.32,71.88,87.85,94.11,NA,56.8,79.13,65.26,93.07,66.3,NA,68.3,64.02,43.28,72.35
7-Dec,66.7,43.45,75.5,121.73,NA,58.72,NA,NA,62.12,70.7,67.44,NA,96.8,128.52,NA,64.11,NA,65.46,128.3,122.12,NA,135.5,93.64,91,NA,89.25,NA,NA,69.86,53.56,57.58,82.35,65.31,44.37,NA,85.47,41.51,91.91,36.13,62.45,92.61,126.18,87.83,n.a.,NA,75.5,65.83,73.33,81.3,55.2,NA,67.4,68.61,47.93,73.62
8-Jan,70.8,39.78,124.11,86.13,NA,63.59,NA,NA,72.25,126.4,68.25,NA,125.83,130.46,NA,68.04,123.07,81.84,91,112.75,NA,125.83,84.73,110.33,NA,92.43,NA,NA,74.06,52.14,38.25,78.88,67.99,55.39,NA,91,49.37,82.09,43.49,81.94,81.47,121,89.34,104.87,NA,58.4,121,84.07,94.63,80.1,NA,36.4,73.21,56.9,75.44
8-Feb,69.3,33.6,91,105.5,NA,56.86,NA,NA,71.12,55.2,62.81,NA,99.7,117.58,NA,68.82,125,92.81,98.3,128.81,NA,131.88,82.75,121.73,NA,96.9,NA,NA,72.76,46.1,39.7,79.38,70.64,27.43,NA,93.23,38.25,93.15,32.25,75.5,97.82,55.17,95.83,104.78,NA,53.2,95.83,82.75,123.9,81.8,NA,65.4,72.27,50.83,75.19
8-Mar,56.8,29.95,121,109.13,NA,41.45,NA,NA,71.95,49.1,45.5,NA,122.53,128.25,NA,58.37,107.92,49.56,121,80.33,NA,121,62.32,94.63,NA,81.83,NA,NA,64.16,38.73,34.63,67.67,61,32.29,NA,67.69,26.09,69.7,27.24,54.2,63.52,121,82.05,98.85,NA,68.3,121,72.6,81.71,53.9,NA,24.2,59.65,41.55,65.16
8-Apr,51.8,28.4,122.93,99.06,NA,29.15,NA,NA,67.9,121,56.38,NA,82.75,122.04,NA,53.92,125.43,40.52,129.7,75.5,NA,82.75,48.31,109.85,NA,78.24,NA,NA,55.94,32.33,68.25,58.33,49.03,26.34,NA,61.63,26.14,75.5,27.17,47.03,49.45,127.69,73.64,73.72,NA,46.6,35.83,57.1,70.67,66.9,NA,44.5,54.7,35.86,56.63
8-May,49.2,27.64,61,79.32,NA,34.98,NA,NA,52.39,49.1,50.33,NA,69.29,122.12,NA,51.74,107.92,43.96,125.8,117.1,NA,75.5,39.61,58.19,NA,73.44,NA,NA,52.79,28.19,37.21,56.39,52.12,25.87,NA,55.05,26.46,57.1,25.77,37.82,62.81,57.58,56.29,68.37,NA,35.6,93.42,47.37,43.89,56.02,NA,41.5,51.16,33.82,54.03
8-Jun,49,26.8,75.5,66.37,NA,28.95,NA,NA,54.46,91,35.83,NA,66.8,121,NA,47.02,105.5,54.42,132.6,75.5,NA,131.36,51.77,69.7,NA,76.55,NA,NA,49.5,26.96,42.6,51.77,51.7,35.48,NA,65.08,28.41,64.11,27.87,50.03,52.4,82.75,58.37,61,NA,38.9,53.56,48.93,58.39,59.32,NA,45.5,51.22,35.89,50.2
8-Jul,47.8,26.53,79.13,85.74,NA,29.18,NA,NA,53.2,75.5,42.45,NA,53.31,103.89,NA,47.69,93.23,51.7,125.8,84.2,NA,105.5,39.63,77.48,NA,71.46,NA,NA,37.36,25.85,38.25,49.48,49.89,31,NA,57.73,27.6,48.95,27.5,44.59,52.75,80.33,50.2,73.05,NA,34.6,51.3,45.78,66.8,51.5,NA,35,49.05,35.47,41.59
8-Aug,47.6,27.22,45.5,93.07,NA,29.13,NA,NA,50.15,87.1,57.1,NA,80.94,87.58,NA,47.17,96.18,58.6,121,91,NA,105.5,36.6,67.04,NA,67.67,NA,NA,43.07,26.26,55.86,47.33,50.06,37.38,NA,73.79,33,53.11,28,45.5,49.45,86.38,57.58,66.96,NA,26.7,55.86,42.53,55.54,56.8,NA,31,49.26,36.81,44.54
8-Sep,46.2,27.18,125.53,88.96,NA,27.45,NA,NA,49.95,127.2,47.79,NA,47.31,86.78,NA,48.4,109.85,72.4,128.3,125.26,NA,105.5,36.09,68.25,NA,63.54,NA,NA,39.05,25.44,52.09,45.23,46.1,32.57,NA,55.47,35.5,62.4,29,41.6,53.79,79.13,52.75,67.63,NA,29.2,68.25,43.86,109.13,48.4,NA,27.5,46.83,36.04,41.07
8-Oct,45.5,25.78,91,77.03,NA,28.15,NA,NA,50.76,45.5,53.31,NA,68.25,108.72,NA,45.31,84.2,69.2,105.5,126.44,NA,68.25,44.18,54.73,NA,65.44,NA,NA,40.02,25.45,25.97,46.62,45.38,33.61,NA,49.37,29.1,69.5,28.2,44.74,51.54,95.83,48.2,69.62,NA,27.7,80.33,40.14,105.5,47.5,NA,32.9,46.63,34.83,42.04
8-Nov,44.4,27.31,75.5,82.75,NA,27.02,NA,NA,46.17,55.2,64.63,NA,40.06,108.4,NA,42.24,107.43,66.2,135.5,112.75,NA,133.08,37.4,63.42,NA,56.72,NA,NA,39.25,25.28,28,50.01,42.76,41.36,NA,67.21,29.4,53.87,29.8,42.15,51.3,126.44,51.14,62.75,NA,36.4,79.64,40.9,124.63,51.7,NA,26.6,45.16,36.37,42.87
8-Dec,46.3,28.18,91,86.05,NA,26.66,NA,NA,51.68,123.1,72.6,NA,67.04,117.93,NA,46.25,88.19,82.8,82.8,82.75,NA,135.5,37.32,63.72,NA,61.46,NA,NA,42.72,26.59,31,48.15,47.29,50.94,NA,50.33,39.5,64.38,33,57.58,51.17,122.32,50.37,74.94,NA,40.9,61,48.63,79.13,51,NA,28.6,47.09,37.44,44.53
9-Jan,50,29.83,68.25,105.5,NA,29.24,NA,65.58,NA,71.9,87.1,NA,71.88,n.a.,NA,49.06,104.38,86.38,135.5,121,NA,135.5,44.05,91,NA,63.59,44.69,NA,44.27,29.74,33.07,51.01,49.61,50.82,28.59,58.74,43.83,48.85,42.35,50.72,55.97,61,53.33,79.35,29.59,35.8,75.5,43.52,61,59.38,39.29,44.5,49.34,43,46.88
9-Feb,51.4,33.36,52.75,95.83,NA,33.37,NA,75.5,52.99,123.4,75.5,NA,67.21,124.22,NA,51.42,102.6,69.7,128.3,100.67,NA,135.5,46.37,63.9,NA,62.19,49.42,NA,51.53,28.8,39.06,56.33,51.25,50,32.67,53.79,45.06,69.06,43.13,52.75,72.6,75.5,56.8,79.37,31.54,29.6,45.5,48.22,45.5,52.86,35.83,39.9,51.56,44.61,53.22
9-Mar,48.5,27.09,82.75,122.91,NA,32.54,NA,77.82,54.66,98.3,105.5,NA,71.88,n.a.,NA,49.23,115.17,77.11,112.8,91,NA,128.25,49.54,63.42,NA,55.86,48.57,NA,51.33,29.74,42.6,54.83,45.9,44.81,37.18,70.23,28.17,45.5,36.13,44.59,43.61,98.25,56.2,83.82,34.67,45.5,53.79,50.75,75.5,48.66,39.12,37.9,49.41,41.52,52.54
9-Apr,48.1,26.58,105.5,98.25,NA,28.92,NA,77.92,53.02,25.2,44.18,NA,75.5,114.56,NA,44.84,87.1,72.2,124.6,73.08,NA,126.8,48.44,61,NA,61.43,50.4,NA,46.41,28.83,27.1,55.78,43.31,46.16,28.92,38.5,35.11,32.4,35.41,45.5,45.5,94.63,63.98,65.92,28.56,27.4,31,51.62,75.5,50.24,45.5,39.9,47.71,39.68,49.52
9-May,52.4,27.09,105.5,97.44,NA,27.55,NA,66.7,45.86,22.8,47.57,NA,82.75,91,NA,41.58,101.24,61.85,130.7,112.75,NA,131.88,46.67,68.25,NA,63.86,46.55,NA,44.26,27.28,28.47,49.95,41.61,49,28.53,46.24,28.17,52.75,31.98,49.32,43.69,130.38,56.16,67.61,28.1,28.6,78.4,39.32,66.8,50.89,28.01,27.2,49.72,36.5,46.3
9-Jun,44.3,26.09,110.33,80.52,NA,25.99,NA,69.7,46.58,45.5,46.54,NA,45.5,118.79,NA,37.28,116.38,66.32,105.5,84.56,NA,125.83,46.82,69.29,NA,61.38,39.12,NA,39.56,25.78,43.43,42.73,38.13,47.05,26.96,46.21,29.21,52.96,32.73,38.7,54.11,99.7,50.47,71.22,27.93,28.7,58.55,39.06,48.4,52.14,28.23,32.2,44.03,35.09,40.94
9-Jul,39.9,23.17,91,98.25,NA,23.35,NA,56.08,31.11,94.6,53.79,NA,49.13,87.93,NA,32.29,94.63,78.77,61,91,NA,126.44,43.57,84.82,NA,56.58,40.52,NA,35.6,25.12,24.73,33.07,32.13,42.64,23.98,52.19,28.9,54.44,28.59,29.85,42.33,111.3,37.76,61.7,24.36,25.3,75.5,33.51,50.33,53.22,25.92,28.6,39.13,28.64,34.67
9-Aug,34.8,23.5,51.71,79.13,NA,22.54,NA,48.53,29.3,45.5,57.28,NA,44.29,88.96,NA,29.18,51.14,77.37,112.8,110.33,NA,105.5,28.79,59.44,NA,54.23,29.38,NA,28.09,23.95,24.63,29.93,29.57,40.97,22.96,41.42,25.99,55.65,25.19,42.39,49.45,109.64,29.69,62.65,23.64,24.5,61,27.99,73.43,46.05,25.97,22.4,34.32,27.28,28.81
9-Sep,33.5,22.07,124.11,79.53,NA,22.73,NA,56.38,27.74,45.5,29.31,NA,28.5,82.75,NA,28.53,38.63,66.97,123.1,77.57,NA,98.25,27.56,54.73,NA,56.73,36.93,NA,27.44,24.21,24.05,27.8,29.22,44.49,22.15,45.06,27.62,59.06,25.22,28.9,39.7,85.17,31.29,57.34,22.96,29.7,68.25,27.2,54.73,48,26.55,26.1,33.08,26.76,27.58
9-Oct,34.1,22.17,91,98.6,NA,22.16,NA,53.38,29.38,75.5,56.89,NA,26.59,81.94,NA,28.29,57.1,72.15,75.5,82.75,NA,124.63,25.63,66.18,NA,57.42,38.6,NA,27.5,24.81,26.24,27.54,29.43,37.02,22.45,47.68,25.84,54.56,25.48,42.98,62.04,109.13,27.66,56.88,22.12,23.2,45.5,28.71,52.75,50.29,25.17,28.3,33.61,26.48,27.52
9-Nov,33.1,21.69,105.5,106.47,NA,22.42,NA,62.74,28.72,25.2,68.25,NA,44.05,105.5,NA,27.63,33.64,67.44,129.7,81.71,NA,124.63,26.35,51.2,NA,54.53,35.92,NA,28.55,24.17,21.76,26.95,28.96,40.73,22.76,45.5,26.38,41.52,25.4,46.71,43.27,127.77,29.61,64.63,22.36,26.7,41.88,24.39,63.42,49.23,25.76,26.2,32.3,26.76,27.93
9-Dec,35.2,21.18,42.6,124.87,NA,21.96,NA,80.94,29.4,45.5,56.65,NA,28.64,112.75,NA,28.73,32.45,96.22,123.1,71.36,NA,127.21,25.69,52.75,NA,55.33,37.09,NA,29.15,25.23,19.78,28.71,34.34,51.22,21.79,57.66,28.58,51.54,24.79,38.6,49.13,68.25,27.71,59.16,22.64,31,68.25,24.57,52.09,45.86,26.88,29.7,34.28,26.7,28.99
10-Jan,33.8,22.14,115.17,38.25,NA,21.95,NA,67.11,28.44,26.4,77.92,NA,27.24,53.89,NA,27.87,29.65,76.54,124.6,61,25,135.5,23.41,57.28,NA,61.73,52.75,NA,33.26,26.45,23.27,28.43,34,61.69,23.99,47.92,37.3,81.17,24.44,36.18,50.08,79.13,27.8,84.03,22.81,31,42.6,26.41,121,54.28,27.44,33.7,33.89,27.06,29.94
10-Feb,41.2,23.81,105.5,70.67,NA,22.41,NA,66.18,31.37,24.6,49.85,NA,47.92,85.17,NA,36.1,71.55,87.77,121,109.13,24.9,128.25,29.38,61,NA,59.53,46.24,NA,36.6,26.93,24.63,28.96,40.54,39.06,24.76,75.5,27.49,53.62,25.02,33.07,52.46,121,32.51,67.62,25.1,33.9,33.42,25.89,86.38,55.32,25.94,33.6,40.65,27.71,33.31
10-Mar,37,22.21,98.25,69.29,NA,22.35,NA,53.6,35.23,21.3,68.25,NA,31,94.35,NA,34.66,32.53,51.54,127.4,79.13,23.8,128.25,24.94,57.66,NA,55.75,45.5,NA,34.95,28.07,23.23,29.85,32,32.75,25.75,54.78,22.75,48.9,23.09,27.18,51.04,91,34.19,65.42,25.38,29.7,45.5,28.09,65.83,54.91,28.93,48.1,38.98,25.83,33.32
10-Apr,37.4,21.03,98.25,44.8,NA,22.2,NA,56.57,31.52,69.7,63.9,NA,45.5,73.08,NA,33.56,38.25,46.49,133.9,77.31,24.1,125.83,25.92,55.5,NA,57.62,32.56,NA,36.26,28.3,26.59,28.1,33.82,29.72,26.73,42.48,23.25,54.6,22.18,24.04,59.37,115.17,37.19,56.44,26,26.6,45.5,67.86,66.8,50.26,24.14,29,38.53,25.11,32.59
10-May,37.8,20.46,87.93,47.3,NA,21.6,NA,51.12,29.84,40.7,37.04,NA,27.17,50.03,NA,37.1,41.68,48.61,126.8,45.5,24.9,91,26.97,49.73,NA,58.57,41.15,NA,40.71,28.14,24.79,32,35.5,37.9,25.61,46.19,23.19,45.5,22.19,28.31,40.82,75.5,40.5,58.14,25.42,25.8,49.13,27.89,61,51.25,28.99,38.8,39.93,25.03,37.73
10-Jun,43.3,22.02,121,45.1,NA,22.51,NA,55.74,32.13,61,35.46,NA,34.82,82.75,NA,40.4,36.8,56.25,68.3,80.33,23.8,121,26.41,63.07,NA,64.2,41.13,NA,44.64,29.05,29.53,31.1,41.46,42.32,26.81,49.88,25.74,63.2,23.17,29.44,45.9,75.5,47.31,62.55,26.94,24.7,44.18,25.54,73.89,55.79,28.82,51.9,43.32,27.12,39.42
10-Jul,44.2,22.43,83.56,49.64,NA,24.03,NA,51.23,32.03,39.7,36.27,NA,58.19,56.38,NA,43.39,40.16,59.65,82.8,71.88,25.3,52.75,25.95,70.32,NA,67.41,42.34,NA,42.46,32.38,33.07,28.95,41.57,44.88,28.73,58,24.64,49.53,23.94,39.22,36.88,34.63,43.17,67.07,26.78,25.7,47.57,25.84,61,56.6,29.24,27.9,44.13,27.5,37.23
10-Aug,45.5,23.46,86.38,63.6,NA,23.85,NA,57.93,42.23,95.8,54.2,NA,49.45,92.61,NA,45.12,35.53,74,121,71.88,27.3,61,28.08,72.74,NA,66.5,47.01,NA,42.99,38.89,32.81,39.48,46.01,44.56,31.36,61.88,26.5,57.9,25.6,33.79,51.77,75.5,48.79,66.54,29.54,39.2,95.83,32.01,57,62.06,31,41.2,46.96,29.19,41.71
10-Sep,52.5,24.01,115.17,59,NA,26.45,NA,71.04,48.08,91,57.58,NA,42.15,88.19,NA,46.8,52.75,81.3,121,88.55,28.2,100.67,32.5,99.57,NA,72.27,47.92,NA,48.62,42.65,27,42.46,52.45,48.57,37.34,57.17,32.6,65.5,27.2,53.2,55.65,121,43.74,74.88,29.95,37,68.25,45.99,102.3,62.04,44.65,47.4,51.89,35.02,46.23
10-Oct,51.5,24.51,80.33,68.25,NA,26.09,NA,57.65,48.38,91,55.47,NA,56.89,81.3,NA,51.36,68.91,73.61,121,78.72,29.6,82.75,38.6,78.72,NA,76.5,52.55,NA,49.13,41.7,35.83,48.21,50.52,45.25,35.46,79.02,34.6,62.7,27.8,44.1,50.33,101.88,48.54,82.09,36.26,25.3,43.43,44.18,98.3,69.22,45.5,38.7,53.38,33.86,48.79
10-Nov,54.8,26.96,75.5,71.2,NA,27.51,NA,69.35,52.43,100.7,77.92,NA,66.8,100.67,NA,53.31,62.32,71.2,105.5,81.3,29.7,91,44.05,71.47,NA,79.86,52.75,NA,49.1,46.55,27.7,46.62,55.94,47.04,38.06,55.79,35.2,61.7,29,47.7,62.16,75.5,58.05,79.73,41.36,41.9,61,40.28,71.9,71.13,48.4,62.8,54.65,37.52,48.21
10-Dec,58,29.81,75.5,66.8,NA,34.48,NA,78.29,48.92,77.9,64.63,NA,35.83,95.35,NA,56.3,54.82,82.4,123.4,78.72,35.32,124.63,45.5,84.2,NA,82.3,51.74,NA,52.88,47.9,45.5,47.91,59.5,54.47,40.81,68.25,44.1,73.7,34.6,49.5,65.35,121,51.62,84.53,40.14,41.5,47.92,39.29,64.63,83.13,53.56,57.4,56.69,43.18,51.09
11-Jan,61.8,29.87,95.83,64.63,NA,38.17,NA,81.8,50.3,127.2,85.65,NA,62.32,121,NA,59.1,58.19,92.71,70.7,95.83,35.83,135.5,45.1,85.65,NA,82.91,59.18,NA,57.12,49.14,44.1,50.95,59.63,64.73,42.45,96.91,43.5,70.67,44.59,53.96,74.94,82.75,58.68,81.82,41.13,39.1,69.29,42.51,83.8,78.31,48.95,61,58.44,46.4,54.75
11-Feb,64.7,33.23,129.7,99.29,NA,32.56,NA,88.19,46.68,68.3,73.43,NA,62.61,112.75,NA,62.1,50.33,110.62,85.2,91,33.69,130.67,50,92.61,NA,85.91,66.8,NA,64.16,52.82,47.57,53.43,62.93,69.7,47.43,80.58,36.4,95.8,39.8,68.7,76.82,111.3,62.6,80.2,46.47,35.5,49.13,50.25,103.08,85.34,50.94,47.9,62.15,46.03,58.77
11-Mar,57,26.64,95.83,67.44,NA,28.99,NA,74.32,49.4,105.5,52.75,NA,91,83.89,NA,56.5,52.75,54.94,91,83.79,41.88,133.08,43.5,78.22,NA,79.02,55.95,NA,52.49,48.09,42.6,51.35,55.28,43.72,42.67,75.5,27.2,71.9,27.6,54,82.09,78.4,56.5,77,40.19,55.5,49.13,52.75,99.06,75.05,69.7,40.7,55.3,36.96,52.03
11-Apr,53.2,26.61,101.88,55.7,NA,26.66,NA,57.1,42.5,45.5,52.37,NA,70.23,89.28,NA,53.7,49.45,54.2,82.8,64.6,37.8,128.25,43.9,67.21,NA,68.9,52.66,NA,56.4,42.06,41,52.6,52.5,43.08,39.2,70.1,27.8,69.7,26.9,50.6,49.3,98.25,54.9,63.8,40.23,80.3,53.8,48.8,71.9,64.8,50.33,38.3,52.47,33.19,54.85
11-May,52,25.94,46.71,50.3,NA,25.96,NA,73.08,39.5,49.1,47.57,NA,35.83,88.68,NA,51.9,44.18,55.4,121,93.4,32.9,112.75,39.5,57.36,NA,70.1,51.56,NA,57.8,41.44,28.7,50.4,49.7,45.5,40.81,59.6,24.9,91,26.2,40.4,44.4,70.67,53.6,65.1,38.04,42.9,52.8,39.9,78.7,77.6,28.79,51.5,51.43,31.27,55.21
11-Jun,50.4,24.35,55.17,45.5,NA,25.75,NA,56.22,31.9,45.5,46.41,NA,45.5,91.97,NA,52.7,57.1,52.5,109.1,63.1,40.9,75.5,31.9,57.66,NA,75,41.09,NA,53.4,36.29,43.7,46.6,50.7,44.83,36.39,59.7,26.3,69.6,24.7,39.6,41.2,50.33,48.3,62.9,35.17,36.3,50.8,34.3,47,62.2,29.51,44.2,49.47,29.07,51.03
11-Jul,51.9,26.69,58.55,52.2,NA,27.11,NA,50.5,37.6,95.8,52.75,NA,55.17,59.15,NA,54.6,44.53,57.2,125.8,86.8,29.7,75.5,36.1,61,NA,77.8,47.4,NA,53,40.8,25.7,41.6,49.9,47.45,29.3,53.6,27.3,68,25.8,36.8,42.7,56.38,46.4,69.6,34.6,40.1,44.2,32.8,63.9,69.1,49.5,45.5,50.53,32.93,48.4
11-Aug,52.5,25.55,67.44,49.5,NA,26.51,NA,54.84,34.7,49.6,56.38,NA,57.93,61,NA,54.2,53.41,44.6,45.5,77.9,37.4,121,31.7,94.41,NA,81.3,47.92,NA,53.5,39.1,29.3,42.7,52.7,46.58,37.71,53.7,26.9,82.8,26.4,48.1,43,45.5,48.7,74.9,34.98,34.9,77.3,37.8,40.1,70.1,29.81,37.2,50.95,32.06,49.24
11-Sep,54.2,26.87,57.1,61.9,NA,26.95,NA,55.36,37.8,75.5,48.4,NA,71.88,77.57,NA,57.1,53.96,76,54.2,85.2,44.3,91,29.7,86.95,NA,94.1,50.33,NA,52.3,39.24,31,45.1,54.8,42.14,35.64,62,29.4,62.3,27.2,47.2,42.4,82.75,50.7,83.8,32.8,42.8,47.2,34.1,77.3,72.8,35.3,55.2,52.35,36.19,49.55
11-Oct,55.1,27.19,50.94,51.1,NA,27.5,NA,74.91,32.3,31,67.11,NA,74.18,87.28,NA,56.4,38.25,52.8,128.3,59,39.9,112.75,48.4,68.73,NA,78.8,51.74,NA,56.1,42.05,48.1,44.9,58.8,42.64,38.69,70.2,27.7,54.6,27.5,49,48.9,71.36,49.7,81.7,36.91,50.1,49.6,41.5,86.4,77.1,40.06,45.5,53.53,35.68,51.41
11-Nov,56.6,27.6,61,74.3,NA,27.82,NA,66.08,36.3,66.8,88.39,NA,45.5,108.72,NA,59,36.44,66.9,82.8,72.6,46.7,105.5,39.5,88.68,NA,80.7,48.64,NA,55.7,41.75,50.9,49.5,58.7,42.2,41.54,63.9,29.9,62.7,28.3,46.1,52.3,123.42,50.8,88,41.77,75.5,65.8,41.7,77.6,69.3,54.39,53.1,54.78,37.69,53.48
11-Dec,58.7,27.17,91,53.1,NA,27.73,NA,88.04,35,75.5,67.59,NA,77.73,111.94,NA,62.3,51.54,83.8,61,81.7,37.4,115.17,48.4,80.33,NA,81.5,46.22,NA,57.1,43.04,51.1,49.6,61.8,52.93,39.89,58,40.4,78,32,57.6,47,65.35,48.3,81.9,38.19,56.1,70.7,35.4,91,75.5,44.65,57.6,56.59,40.12,54.51
12-Jan,59.6,27.97,91,65.8,NA,26.28,NA,81.71,39.8,50.3,79.45,NA,53.18,104.05,NA,64,35.83,83.1,91,75.5,41.5,132.6,46.7,87.93,NA,78.4,55.93,NA,59.3,41.4,52.8,52.3,62.6,73.43,46.16,85.5,40.3,74.3,37.7,43.9,48.3,123.9,62,101.1,42.33,65,78.4,31.5,79.1,89.4,57.24,57.6,58.92,42.93,56.62
12-Feb,57.4,25.96,76.82,68.7,NA,26.51,NA,64.63,43.7,105.5,62.81,46,68.25,86.13,NA,59.5,58.39,102.1,82.8,78.1,52.4,124.63,44.2,85.86,NA,82,48.17,NA,58.3,44.89,49.1,55,59,45,40.1,69.1,36.8,71.7,28,56.1,50.3,125.53,53.1,93,41.42,51.7,56.8,29.6,52.1,86.5,53.35,72.9,56.96,36.72,57.04
12-Mar,52.2,24.68,93.07,67.4,NA,24.65,NA,73.7,36.4,49.1,53.56,39,66.44,66.58,NA,55.6,39.7,65.3,125.4,105.5,44.9,128.91,50.9,82.75,NA,70.2,42.08,NA,58.5,34.4,37.4,44.5,52.1,40.31,41.39,75,25.1,78.6,24.3,43.4,37.3,82.75,52.6,91,36.44,54.2,56.4,33.5,64.6,73.4,40.23,47.9,52.27,29.49,53.53
12-Apr,48,23.21,72.6,29.8,NA,24.04,NA,58.65,28.3,52.8,67.21,37,50.84,94.63,NA,53,29.28,41.4,75.5,78.4,48.4,125.83,43.7,59.12,NA,61.7,29.3,NA,56.3,29.51,43.4,45,47.4,36.03,29.88,59.7,23,64.7,22.6,26.5,25.6,68.25,54.1,68.7,28.95,40.9,61,27.7,87.9,69.3,37.11,52.1,48,27.14,52.5
12-May,45.7,22.05,61,47,NA,22.28,NA,47.7,28,45.5,27.84,32,55.74,82.37,NA,51,45.5,47.8,31,75.5,35.8,98.25,38,78.95,NA,65.1,28.28,NA,56.4,28.99,28.3,41.3,43.4,31,31.83,42.2,21.4,62.7,22.1,29.3,28.9,63.9,50.2,61.8,31.91,48.3,45.5,25.7,43.9,57.7,26.27,36.1,53.2,25.79,50.7
12-Jun,43.4,21.3,51.08,27.7,NA,22.08,NA,48.9,27.2,24.8,41.04,34,39.39,68.6,NA,46.6,47.11,44.4,75.5,70.7,45.5,115.17,24.6,74.34,NA,56,28.4,NA,51.6,27.5,24.9,41.1,42.6,37.82,28,42,20.5,65.4,20.7,34.2,25.5,51.3,52.4,58.9,28.6,45.5,50.3,26.4,44.7,63,29.8,43.1,49.7,25.2,47.93
12-Jul,43.2,20.99,63.9,26.8,NA,20.81,NA,52.9,26.3,31,27.97,28,52.19,76.88,NA,47.5,37.21,54.9,38.3,77.1,25.7,128.25,26.5,70.92,NA,55.1,28.3,NA,50,26.7,26.1,40.4,41.7,28.85,27.4,44.6,21,64.7,21.4,24.6,26,57.1,47.9,66.7,27.4,45.5,24.1,25.2,42.9,67.4,39.7,46.6,49.7,25.1,46.3
12-Aug,41.1,20.9,45.5,29.1,NA,21.16,NA,48.9,27.4,61,40.67,24,48.72,70.23,NA,44.6,36.44,54.7,112.8,78.8,26.4,115.17,25.3,74.81,NA,57.3,26.7,NA,46.1,25.4,24.5,40.4,40.2,33.16,25.8,46.6,21.5,48.2,20.9,27.9,27.7,50.33,52.8,59.2,25.4,45.5,43.3,24.8,43.9,56,25.5,44.7,47.6,25.4,44
12-Sep,39.2,20.49,82.75,41.2,NA,20.48,NA,48.1,26.8,31,64.63,23,37.21,64.22,NA,42.8,43.89,51.6,110.3,93.4,27.8,80.33,28.2,67.59,NA,56.1,26.5,NA,46.3,24.1,23.9,43.7,40,31.75,23.1,51.8,21,55,20.8,34.6,37.8,61,55.5,61.5,24.4,43.9,52.8,25.2,58.9,55.4,32.3,36.6,47.18,24.47,45.33
12-Oct,38,20.07,56.38,42.6,NA,20.33,NA,42.24,26.01,61,68.81,25,44.29,55.86,NA,40.32,27.58,53.01,61,70.23,27.58,125.35,27.73,74.84,NA,57.78,24.94,NA,44.33,22.53,21.45,43.77,40,29.23,22.97,42.66,22.03,47.69,21.56,25.34,32.65,57.36,45.31,61.18,23.57,27.2,58.68,22.43,68.25,69.13,27.25,40.7,46.07,24.65,44.13
12-Nov,37.5,19.58,61,43.08,NA,20.22,NA,50.45,26.3,22.8,39.16,26,42.86,75.5,NA,40.45,27.93,54.2,61,67.44,27.73,112.75,27.21,63.07,NA,52.58,23.07,NA,44.86,22.36,29.37,38.03,36.42,34.45,23.01,48.2,21.3,50.05,21.15,27.95,36.34,80.33,45.34,61.69,20.35,28.2,75.5,25.2,49.85,59.66,24.49,50,44.59,24.35,42.54
12-Dec,38.1,20.3,73.69,50.5,NA,20.76,NA,42.8,26.4,121,58.19,24,47.43,75.5,NA,40.2,64.63,58,75.5,54.4,24.5,122.61,26.2,77.92,NA,57.5,23.5,NA,43.7,21.9,29.1,41.9,43.1,39.49,21.3,58.9,21.6,42.7,21.2,29.3,27.8,53.41,45.9,69.9,20.4,43.3,43.9,25,82.8,56.4,25.8,41.6,45.29,24.79,43.05
13-Jan,36.6,21.34,57.93,42.4,NA,20.56,NA,41.4,26.6,121,70.06,21,42.15,75.5,NA,38.6,29.09,76.3,110.3,94.6,27.4,129.29,27.4,87.77,NA,55.1,23.9,NA,44.6,21.3,28.8,36.5,37.7,39.33,21.8,42,23.3,33.4,23.4,39.9,34.6,64.63,51.5,27.6,20.9,27.4,61,27.6,61,56.2,24.7,31,43.56,25.26,41.63
13-Feb,34.3,19.63,94.63,54.9,NA,20.37,NA,44.4,26.4,55.2,73.08,21,55.17,95.83,NA,36.5,25.65,61,98.3,121,24.7,129.29,28.3,73.69,NA,49.8,24.1,NA,40.2,21.2,23.3,38.7,34.7,24.68,23,37.5,20,54.5,20.9,34.5,41.8,84.2,44.1,63.4,21.7,20.9,56.4,28.5,31,54.2,23.1,22.4,40.8,23.74,38.7
13-Mar,29.4,17.92,75.5,29.5,NA,18.92,NA,27.6,27.2,19.9,56.05,26,50.62,72.6,NA,31.5,23.56,45.2,75.5,71.9,27.1,124.95,26.1,55.94,NA,45.1,21.2,NA,41.1,19.9,21.8,39,26.6,23.23,21.3,36,19.7,36.9,18.3,29.8,27.1,108.4,38.8,50.3,20.7,22,28.1,26.9,45.5,47.2,22.4,20.2,38.32,21.65,40.45
13-Apr,27.9,18.22,40.67,27.5,NA,18.71,NA,27.7,23.8,95.8,52.32,24,39.92,66.97,NA,29.2,39.29,32.5,45.5,61,28.3,65.83,24.8,48.06,NA,42.2,21.1,NA,36.9,19.1,20.5,33.4,24.9,24.05,20.5,27.5,19.1,39.7,17.9,23.2,28.7,110.33,33.8,47.5,19,22.3,50.3,24.6,35.8,44.3,20.8,19.3,35.23,21.26,35.73
13-May,27.1,17.2,43.43,26.4,NA,18.39,NA,27.1,24.7,61,27.5,16,26.87,69.7,NA,27.9,27.28,29.6,68.3,66.8,25.7,123.42,23.7,47.87,NA,42.1,20.3,NA,34.9,18.6,20.1,31.8,24.7,23.56,19.4,23.8,18.1,28.4,17.7,21.2,26.8,64.63,32.5,43.1,18.6,21.3,33.4,24.2,28.1,44,19.4,23.1,33.43,20.51,33.86
13-Jun,27.8,17.45,41.15,24.2,NA,17.86,NA,26.6,24.4,34.6,29.7,13,44.29,56.38,NA,28.8,33.42,33.3,75.5,84.2,26,91,25.3,47.86,NA,42.5,20,NA,34,18.8,22.3,31.7,24.1,26.05,19.4,24.7,18.5,29.7,17.8,21.6,24.8,57.58,37.6,44.6,19.7,20.1,41.9,24.5,45.5,45.3,18.6,20.8,34.39,20.77,33.18
13-Jul,27.9,17.58,28.96,25.4,40,18.52,136,28.2,23.1,27.1,29.26,14,26.28,68.25,NA,28.7,29.28,40.7,75.5,73.9,19.9,105.5,22.7,48.15,19,43.2,20,NA,34.6,19.3,19.6,29.5,23.5,23.23,19.2,27.3,19.4,37.6,18.3,22.8,28.8,44.53,34.4,47.7,18.9,20.1,47.9,24.7,37.7,41.6,19.1,22.8,34.24,21.36,32.7
13-Aug,28.8,17.92,53.79,25.6,53,18.5,107,36.2,23.1,40.7,27.86,16,50.33,91,NA,31.1,25.39,40.6,61,87.1,24.2,100.67,23.5,57.26,21.5,46.3,20.8,NA,36.6,19.7,22.3,29.8,24.4,26.38,19.5,26.7,19.7,38.4,19,24.8,28.1,71.15,32.1,46.7,19.6,23,41.4,23.3,57.8,46.9,18.8,20.5,36.66,21.65,34.39
13-Sep,29.8,18.68,43.08,37.21,64,19.54,96,34.25,25,45.5,32.89,16,37.21,74.18,NA,32.96,27.58,43.22,123.4,85.86,21.87,105.5,26.57,53.11,21,50.98,22.09,118,32.21,20.37,19.37,31.18,25.52,23.46,19.48,29.01,20.1,37.6,20.15,22.75,38.76,57.58,35.36,48.16,20.08,21.2,36.44,24.05,51.08,45.58,21.05,22.6,37.4,22.69,31.84
13-Oct,33.4,19.32,28.88,44.96,62,20.89,78,42.19,24.31,69.7,32.93,18,32.32,75.5,NA,35.7,28.47,38.36,121,73.43,23.1,95.83,26.76,49.02,44,54.49,24.72,158,38.07,21.62,24.82,35.7,28.05,23.91,20.92,27.55,19.38,33.8,21.37,27.07,27.21,93.9,38.01,48.1,20.42,21.6,41.88,28.63,29.52,49.07,21.82,26.6,40.7,23.27,37.2
13-Nov,36.9,20.52,40.23,35.83,77,21.71,79,50.03,26.33,31,37.21,22,41.36,96.44,NA,38.46,48.4,44.59,22.8,108.4,24.07,130.67,27.78,53.62,42,53.25,26.36,118,40.28,22.7,26.55,39.46,29.26,24.67,23.9,47.43,20.88,34.35,21.24,28.98,37.77,80.33,41.68,54.35,22.27,24,49.13,29.11,49.13,52.41,22.53,23.6,42.83,24.12,40
13-Dec,40.2,21.16,56.38,47.5,64,23.14,91,44.36,28.2,35.8,63.64,26,42.05,88.29,NA,41.01,61,52.6,121,91,29.47,105.5,38.91,74.84,45,58.56,27.5,245,45.04,25.19,26.7,40.86,34.41,33.23,22.89,46.68,24.24,24.41,23.24,27.65,44.92,98.25,41.24,54.39,23.15,23.3,98.25,27.85,70.23,52.13,29.28,31,45.8,26.55,43.7
14-Jan,44.3,23.68,49.13,65.46,66.5,23.72,98.5,53.08,31.13,61,57.77,28,55.54,80.33,NA,46.61,47.57,67.11,71.9,126.8,31,132.86,33.76,93.9,62,62.02,39.7,234,51.58,27.01,25.17,45.89,35.04,29.78,25.75,46.26,22.75,45.83,22.73,43.89,39.5,75.5,42.47,57.67,23.81,32.12,73.43,45,45.5,61.42,22.32,24.78,50.71,27.67,49.76
14-Feb,40.1,20.74,36.8,49.64,75,22.3,159,46.44,31.84,98.25,52.75,30,54.42,83.96,NA,43.63,58.55,29.75,105.5,70.67,29.62,129.7,40.23,51.47,46.5,56.64,26.46,106,49.05,25.74,41.88,45.75,29.85,25.48,25.39,47.17,20.85,28.05,19.81,49.85,55.17,110.33,37.73,50.58,26.06,25.47,70.67,40.41,86.38,58.28,28.07,38.25,48.03,23.85,47.98
14-Mar,35.1,18.73,52.75,41.63,90,20.41,121,46.35,27.05,105.5,49.45,25,54.03,84.73,NA,39.03,73.43,31.29,82.75,84.2,32.71,130.06,28.96,59.15,28,51.12,24.92,234,48.07,24.25,25.36,43.02,25.68,21.75,22.59,29.06,18.83,28.41,18.45,27.05,39.83,91,36.83,43.43,24.78,22.48,31,40.41,82.75,53.16,25.24,25.17,44.63,21.72,46.48
14-Apr,33.9,18.34,57.1,41,54,19.75,121.5,37.6,26.1,38.3,48.8,24,46.5,65.5,NA,39.5,48.6,24.8,122.8,75.5,27.3,91,29.9,39.6,25,49.9,23.9,157,49.5,22,25,40.7,26.7,23.13,23.8,27.8,17.9,52.5,18.1,23.6,32.1,124.8,33.7,45.7,22.7,31,91,37.4,49.9,49.4,23.9,27.9,44.43,20.83,46.45
14-May,31.8,18.02,61,44.5,55.2,19.4,106.5,26.5,26.1,41.9,36.4,20,48.8,84.2,NA,38.7,45.5,28.7,51.3,52.3,29.5,87.1,26,48.6,26.6,49.6,22.8,99,50.3,22.3,23.5,42.1,24.8,19.84,23.7,28.9,18.5,35.6,18.4,22.2,28.7,47.7,34.5,39.6,21.8,24.2,43.4,29.8,52.8,48.2,23.4,28.9,44.12,20.85,47.6
14-Jun,33.8,18.67,55.9,36.8,35.83,20.01,131.88,35.1,25.7,28.6,28.1,24,46.8,57.9,NA,39.7,26.3,29.1,52.8,53.8,28.7,126.8,27.4,47.5,29,52.8,23,152,47.5,22.3,26.1,40,24.1,21.03,23.1,34.3,18.6,27.4,18,24.3,29.3,47.3,33.7,43,23.2,24.2,52.8,33.6,43.8,47.5,21.3,22.2,44.49,21.4,44.89
14-Jul,35.7,18.71,52.75,29,39,20.13,116,33,27.9,50.3,43.97,20,39.86,57.24,NA,39.8,50.33,37.3,75.5,61,29.8,98.25,27.9,54.03,34,53.1,25.5,71,52.8,22,26.2,42.5,24.7,23.49,23.2,28.2,19,36.8,19.2,24.1,45.5,53.41,37.5,45,22.6,39.7,66.8,42,33.2,49.3,19.8,27,45.76,22.15,48.77
14-Aug,33.9,19.1,61,29.13,44.05,21.1,124.11,36.65,27.77,50.33,32.71,27,50.33,103.27,NA,42.99,53.41,40.15,80.33,102.6,27.46,123.07,29.22,52.75,34,54.95,27.42,113.6,55.16,23.5,23.87,38.43,25.72,23.72,24.07,40.57,20.75,42.76,20.26,23.35,28.33,64.63,42.13,45.22,24.5,26.69,54.2,37.04,49.13,56.78,24.27,24.82,48.41,23.12,49.89
14-Sep,36.3,19.82,64.63,32.71,67.44,22.53,121,55.17,27.07,33.9,45.5,27,41.88,58.68,NA,45.13,50.94,45.21,70.67,57.77,34.02,124.95,26.11,64.41,48.3,57.25,27.01,125.4,53.48,23.94,24.33,47.01,26.93,22.58,23.37,46.71,19.86,37.33,21.1,27.61,41.96,38.25,46.31,48.42,24.03,48.14,63.42,36.18,72.6,59.19,26.43,28.39,49.89,24.36,51.04
14-Oct,38.7,20.45,65.83,40.28,57.77,24.06,122.32,55.1,29.41,47.92,52.43,27,44.46,79.96,NA,45.47,47.31,38.87,124.63,91,46.33,117.58,26.2,64.82,52.5,62.31,29.59,126.5,58.66,25.79,40.23,49.57,28.33,22.29,25.54,50.25,19.54,41.55,20.92,33.74,56.11,45.5,45,50.2,25.2,24.82,45.5,42.8,73.27,63.04,23.34,39.98,52.19,24.45,55.28
14-Nov,40.5,21,47.92,36.67,74.29,23.34,81.3,54.78,31.22,45.5,59.09,36,29.5,107.92,NA,47.77,80.33,40.28,125.83,101.88,46.82,61,34.9,56.52,58.02,61.22,28.41,130.67,57.18,26.54,26.59,53.99,28.09,23.83,27.74,49.89,21.31,45.76,21.72,26.53,51.3,77.92,45.98,50.74,25.05,55.86,43.08,34.52,70.67,66.62,36.12,31,53.48,25.14,56.01
14-Dec,44.1,22.24,75.5,48.4,77.11,25.06,115.17,54.25,34.91,55.17,70.97,35,42.6,91,NA,50.9,74.29,51.67,125.83,72.6,44.78,131.88,48.55,63.64,36.8,67.72,36.2,128.63,61,28.13,41.04,54.37,28.24,32.34,29.77,55.86,20.59,53.07,22.64,42.28,52.27,107.31,54.64,56.21,27.71,44.18,69.7,43.27,91,66.94,34.15,42.15,56.43,27.37,58.09
15-Jan,49.5,23.33,115.17,50.54,48.14,27.72,126.27,79.85,42.38,82.75,56.78,42,50.33,103.43,NA,54.79,58.19,51.94,68.25,123.72,48.61,105.5,41.98,73.08,62.71,71.91,42.65,131.88,69.98,34.22,52.19,63.54,35.03,29.11,39.26,37.87,22.5,54.85,25.4,46,71.24,122.12,50.48,63.83,32.95,78.72,54.56,49.71,50.33,72.6,45.5,37.21,62.96,29.47,67.54
15-Feb,44.1,20.46,110.33,55.17,91,24.28,121,62.67,34.49,70.67,77.11,41,51.3,109.64,NA,51.11,94.63,39.39,135.5,100.67,58.68,123.42,34.15,87.93,49.45,65.13,39.54,127.69,72.28,27.77,41.04,58.1,28.56,20.66,35.52,39.92,19.13,46.56,21.34,28.47,64.22,56.38,47.85,52.09,29.81,49.45,45.5,49.53,57.1,66.54,29.15,29,58.66,24.88,67.62
15-Mar,34.24,18.61,105.5,44.74,124.89,20.53,121,37.4,33.1,105.5,61.85,28.26,48.61,117.93,NA,44.99,88.19,27.01,45.5,98.25,46.13,125.83,36.7,49.85,50.77,51.32,25.2,131.88,64.45,23.7,28.39,52.25,24.71,20.69,29.44,28.36,17.86,29.47,17.74,22.6,42.74,75.5,46.45,43.64,25.2,43.08,55.17,41.52,77.57,55.11,25.43,27.26,51.32,21.6,59.07
15-Apr,28.83,17.52,56.38,25.99,57.36,19.22,98.25,27.05,28.12,40.67,46.62,25.12,28.49,82.75,NA,41.9,68.25,27.6,85.17,95.83,39.29,105.5,29.87,51.11,38.68,48.3,22.27,127.59,55.08,22.5,25.32,44.68,23,21.03,24.19,29.57,17.43,28.59,17.46,22.2,28.41,78.4,41.22,37.82,24.7,27.88,29.28,37.3,26.38,53.59,21.4,28.47,47.2,20.5,51.63
15-May,27.93,17.59,28.79,24.58,50.33,18.58,105.5,27.2,25.62,25.17,27.5,26.38,27.88,66.58,NA,40.12,42.86,27.28,82.75,72.28,38.25,121,26.24,46.68,33.76,48.53,22.3,116.38,54.99,20.6,19.81,43.04,23.19,19.24,23.94,27.5,17.13,27.18,17.5,21.73,29.29,86.38,37.16,41.38,23.86,31.97,48.14,25.9,36.8,51.67,19.8,21.68,46.22,20.32,51.18
15-Jun,28.01,17.53,39.7,31,48.02,19.14,105.5,33.38,25.58,28.19,39.16,23.99,28.96,65.61,NA,39.85,70.32,29.59,115.17,61,32.36,123.9,26.22,46.37,25.4,48.19,22.29,123.76,53.82,20.01,31,43.25,22.66,20.77,23.24,25.76,18.15,24.26,17.85,21.12,29.19,53.79,42.67,42.01,23.15,27.42,47.11,28.76,22.45,51.19,22.05,24.88,45.64,21,50.12
15-Jul,29,17.71,63.07,32.04,49.73,19.34,105.5,37.93,26.98,25.17,28.92,24.67,31,88.29,NA,41.21,46.76,29.74,75.5,67.04,29.32,125.14,27.49,49.38,28.81,49.39,23.73,108.72,51.89,20.39,22.94,43.65,22.83,21.28,22.98,36.93,17.77,28.28,18.58,24.96,38.84,78.4,41.06,46.02,23.44,29.33,53.56,32.45,52.03,53.66,21.78,25.08,46.15,21.6,49.04
15-Aug,29.65,18.06,40.06,29.7,45.5,20.06,81.3,43.14,26.63,34.63,29.26,26.28,28.65,91,NA,41.35,50.33,38.46,75.5,62.45,44.34,105.5,29.59,45.85,33.27,51.82,25.41,121.97,51.11,21.31,20.52,45.46,23.01,21.59,23.91,36.24,18.09,25.84,18.96,24.55,40.38,57.93,43.46,44.89,22.37,23.87,91,29.36,58.68,56.41,23.08,24.93,46.87,22.15,48.96
15-Sep,31.82,17.99,63.9,39.1,69.46,21.19,84.2,46.8,27.13,31,46.54,25.99,33.29,94.63,NA,42.32,75.5,36.34,31,80.77,38.25,123.4,26.23,59,40.38,53.03,25.46,126.8,50.32,22.42,26.22,46.55,24.34,21.51,23.12,42.41,18.7,26.28,19.11,25.21,46.02,78.4,41.3,45.6,23.66,33.23,41.88,32.55,71.88,52.37,24.04,23.16,47.05,22.36,48.91
15-Oct,34.72,19.51,93.07,36.24,67.21,21.08,123.07,51.35,29.55,45.5,49.73,26.86,24.14,76.41,NA,45.79,54.93,33.26,91,74.18,34.02,125,34.72,56.55,47.11,56.71,27.44,124.05,53.6,23.46,25.5,49.16,25.03,21.25,23.9,40.34,18.64,35.6,20.61,25.86,33.9,87.1,40.71,47.78,24.79,24.96,55.86,31,51.14,58.84,24.94,26.18,50.65,23.14,52.04
15-Nov,37.57,19.21,61,36.24,87.36,22.39,126.44,53.85,28.25,70.67,54.2,36.77,33.9,116.78,NA,47.4,78.14,41.18,105.5,70.06,52.75,131.4,28.34,61.76,47.21,61.4,28.56,125.83,56.51,23.02,40.67,55.46,25.41,22.45,24.81,36.15,19.78,36.5,21.9,37,55.7,79.13,47.46,51.4,25.97,38.91,53.79,38.81,43.89,59.55,24.95,25.44,53.36,24.73,56.13
15-Dec,39.42,20.18,56.38,42,74.05,22.88,122.32,55.05,33.15,31,39.53,31.5,27.73,95.14,NA,48.42,56.78,40.67,125.83,75.5,38.6,121,44.26,56.69,46.41,66.05,28.9,130.67,61.04,24.75,28.68,51.9,25.65,27.21,26.2,42.28,20.91,49.02,23.18,32,50.23,75.5,46.14,55.33,27.38,41.04,53.23,37.84,82.75,61.12,25.11,28.14,54.46,25.98,57.33
16-Jan,44.32,22.49,91,55.74,86.78,24.26,122.45,53.79,31.98,24.73,41.15,41,31,82.32,NA,51.22,78.4,45.5,98.25,112.75,55.54,134.1,51.54,65.14,61,64.17,27.46,132.78,64.46,26.57,35.46,57.05,27.04,33.9,28.89,43.35,22.06,51.43,23.63,38.57,51.94,78.4,50.02,65.56,31.54,27.93,82.75,43.3,98.25,72.22,31.48,29.55,57.29,28.09,61.89
16-Feb,41.52,20.29,51.3,50.72,85.86,23.61,96.8,57.51,33.25,61,61,36.94,42.6,73.43,NA,49.83,95.14,53.18,125.14,68.25,67.82,121,38,65.83,61,59.01,27.78,135.5,65.02,24.07,43.89,54.03,26.34,22.43,28.7,41.11,19.74,40.46,21.1,37.21,47,61,48.67,61,28.49,28.39,61,37.62,75.5,66.85,24.53,39.46,55.82,25.53,59.84
16-Mar,29.9,18.02,75.5,26.64,95.83,18.88,112.75,38.03,27.85,100.67,42.09,29.13,37.77,76.35,NA,43.15,80.33,25.1,91,79.13,41.15,98.25,29.71,48.85,29.73,48.97,22.96,129.7,57.49,21.13,23.13,48.72,23.23,20.38,24.2,28.75,18.59,31,18.11,21.09,47.7,80.33,38.25,45.62,24.6,48.61,55.17,33.49,80.94,53.85,21.46,25.36,48.65,21.18,54.43
16-Apr,27.82,17.3,41.15,24.81,48.4,18.14,105.5,29.21,27.08,31,26.62,26.3,23.41,58.19,82.8,39.78,92.45,26.52,75.5,75.5,31.81,130.1,28.47,47.84,25.78,48.25,21.15,85.17,53.25,19.7,24.68,45.65,21.81,22.92,22.62,29.3,17.57,28.82,17.77,20.91,37.11,115.86,37.48,41.05,22.43,29.7,75.5,28.67,25.92,53.04,20.92,23.46,45.6,20.39,50.37
16-May,27.38,17.54,28.74,25.33,33.76,18.01,91,28.96,25.81,20.94,25.25,26.39,25.48,75.5,77.6,40.48,57.1,25.24,86.38,50.84,39,123.1,24.81,42.05,29.5,49.03,21.08,71.88,50.72,18.93,19.93,38.2,22.07,21.07,20.87,25.87,17.77,28.83,17.85,22.43,36.39,48.72,34.3,40.83,21.98,26.97,58.55,28.58,25.69,51.29,18.97,22.38,45.01,20.16,46.67
16-Jun,27.18,17.69,24.11,27.4,43.97,19,100.67,27.81,25.07,41.88,23.32,26.06,25.94,66.64,85.9,38.75,62.04,27.72,115.17,56.13,25.22,125.8,24.9,47.53,22.89,50.48,20.77,75.5,48.88,18.67,25.54,37.07,21.42,24.3,21.32,27.66,18.3,32.49,18.62,20.45,28.23,45.5,34.09,41.45,20.34,24.51,55.65,28.2,38.25,50.18,20.3,19.44,44.06,21.08,45.18
16-Jul,27.98,18.17,47.31,25.17,31,19.72,91,28.55,26.38,21.54,27.23,25.15,22.75,72.81,84.56,38.36,48.22,37.78,93.9,59.44,28.51,130.67,26.9,52.75,25.07,51.56,21.42,99.06,47.97,19.35,24.61,41.94,21.82,24.3,20.67,29.38,18.38,26.86,19.68,24.08,26.6,35.83,35.44,44.9,20.71,22.07,51.3,29.72,32.81,54.67,20.83,20.94,44.82,22.39,45.85
16-Aug,28,14,47,21.5,30,13,117.5,34,20,22.5,16,23,19.5,92.5,85,40,51,39,82.5,72.5,34,95,18,41,23,53,17,94.5,48.5,12,21.5,38,17,25,15,31.5,14,32,15,21,34,37,38,48,15,15,47,25,42.5,52,15,13,44,20,45
16-Sep,28,15,46,23.5,56,16,94,48,20,43,20,24.5,15,70,106,34,54,35,92,80,31,131.5,26,53,31,46,19,102,43,13,27.5,40,19,26,14,31,14,31.5,16,22,40,34,41,43,19,19,53,28,47,55,15,15,41,21,42
16-Oct,29,15,48.5,27,55.5,15,134,40,18,40.5,34,31,17,69.5,98,34,35.5,33,91,73,36,112,36,60,34,48,20,140,46,15,25,41,19,16,22,34,14,29,14,33,42,42.5,40,47,18,22,69,21,63,58,18.5,19,42,15,44
16-Nov,30,15,55,39,60,17,156,43,20,56,31,30,22.5,81,107,33,23,42,38,79,25,134.5,32,46.5,30,46,22,143,45,18,31,45,20,25,20,42,14,32,17,27,38,55,41,51,21,25,51,30,71,57,21,22.5,41,22,41
16-Dec,32,16,64,21,47,20,111.5,52,22,51,28,30,17,92,91,34,43,43,111,70,28,181.5,32,43,23,45,26,166,47,18,34,46,24,30.5,23,39,14,33,18,30,28,56,48,46,25,30,77,27.5,54.5,63,14,15.5,42.91,26.66,46.68
17-Jan,17,24.13,82.75,42.74,84.56,24.64,124.63,53.13,27.53,91,38.25,32.65,28.14,55.65,NA,40.78,45.5,47.68,48.4,123.07,39.06,130.7,39.86,79.64,45.5,50.33,26.48,132.28,52.08,24.43,42.6,46.06,27.36,37.69,27.86,40.26,24.35,52.43,23.68,32.21,41.24,82.75,58.31,56.33,28.23,27.85,75.5,31.81,65.14,61.25,31.58,31.97,42.91,28.83,49.76
17-Feb,33.34,12,34,55,86,14,115.5,43,24,53,37.5,36,34.5,57.5,87,38,45,36.5,55,87,15,100.5,30,67,58,42,18,180,49,15,42.5,50,19,22,26,45,11,44,9,38,35,83,46,46.5,28,40,82,40,71,61,15,26,45.15,24.34,50.13
17-Mar,23,12,56,15,71.5,12,138,39,18,52.5,14,26,25,57,129,30,29,24,24,130,26.5,187.5,24,47,35.5,32,13.5,185,44,10,33,40,13,15,17,25.5,11.5,31,9,12.5,30,85,38,38,19,21.5,86.5,29,69.5,49,14,24,36,14,43
17-Apr,17,11.5,35.5,11,40,10,99,24,13,30,16,15.5,20.5,60,68.5,22,33,26,8,42.5,20,201,32,46,16,24,10.5,191,37,8,22,33,11,15,13,20,10,28,9,14,17.5,37,34.5,31,13,10.5,82.5,22,63,42,11,9,29.04,20.07,36.83
17-May,14,12,27,8,24,11,73,16,14,40.5,11,19,15.5,36,61,16,28,27,18,69,15,144,16,38,13,15,10,207,26,8,16,24,11,14,12,15,11,19,9,14,20,29,31,33,12,14,41,23,39,42,9,11,20,12,25
17-Jun,14,13,21,12,29,12,215,20,13,21,12,19,21.5,22,68,16,17,29,33,54,15,122,19,44,13,18,12,88.5,23,9,18,22,11,15.5,13,16,11,21.5,9,16,15,31,32,35.5,12,12,42,23,31,42,11,12,23,13,23
17-Jul,16,13,32,11,38.5,12,94,27,13,17,14,18,28,34.5,70,17,30,31,32.5,71,13,93,21,45,18,17,11,99,24,9,23.5,23,13,15,13,16,11,25,10,14,21,40,31.5,38,12,14,48.5,24,30.5,43.5,10,12.5,20,14,23.5
17-Aug,18,13,39,17.5,27.5,13,90.5,38,16,47.5,19,19,21,24,91,18,33,39,66.5,66,15,74,26,49.5,19,22,14,94,26,11,28,24,14,15,14,23,11,26,9.5,20,21,52,34,37,14,21,60,23,29,46,13.5,13,22,15,25
17-Sep,20,13,46,15,41,14,71,41,14,30.5,34,22,23,47,89.5,19,34.5,38,45,53,14,88,27,49.5,40,26,17,114,26,13,13,27,16,15,16,32,11,31,10,18,27,45,34,41,18,19.5,55,20,42,50,17.5,14,24,16,27
17-Oct,21,13,38,24,58.5,15,115,48,16,47,24,26,24.5,36.5,93,21,23,29,71,55,19,125,25,61,30,28,20,117,29,13,36,34,19,14,17,30.5,11,26,9,19,33,31,36,39,15,24,91,21.5,63.5,51,20,22,27,15,31
17-Nov,22,13,69,18,60,14,111,40,18,45,28,25,16,54,85,22,28,36,6,63.5,25,153.5,28,57.5,33,24,17,143,29,17,23.5,34,17,16,14,30,12,35,9,22.5,33,60.5,32.5,44,18,32,63,29.5,42,51,22,17,27,15,31
17-Dec,25,13,32,22,64,16,118,48,17,40,35,27,17.5,60.5,90,24,31,41,29.5,62,30,134,36,57,31,24.5,26,170,32,18,32,36,18,18,21,35.5,12,37,9,21,45,46,36,35,21,24,52,40,38,55,25,27,28,17,34
18-Jan,20,13,58,29.5,54,16,108.5,51,22,54,42.5,27,27,55,148.5,25,41,54.5,33.5,84,25,120,36.5,57,55,28,22,139.5,37,17,33,40,21,19,25,28,12,33,9,32,45,56,35,38,26,20,77,41,59.5,58.5,18,33.5,32,23.67,38
18-Feb,22,12,94.5,36.5,74.5,12,105.5,38,14,65,52,27,25,35.5,140,22,29,22,124,104,38.5,224,27.5,49,49.5,21,19,193,35,13,36,39,13,13,20,25,10,24,8,15,43.5,52,34,33,21,33.5,110,28,57.5,43,14,39,28,13,37
18-Mar,16,11,52,15.5,46,10,112,24,13,39.5,24,20,25,41.5,91,17,31.5,20.5,22,51,23.5,194,21,34,21,14,11,185.5,28,11,27,31,12,14,14,23,11,30,8,12,24,43.5,29,29,12,18,68,29,36,41,10.5,29,22,12,29
18-Apr,15,10,16,9,28,11,145,20,12,16,22,19,16,39.5,137,17,19,22,18,70,28,170,22,37.5,22.5,14,10,178.5,29,10,13,28,11,14,12,19.5,10,20.5,8,11,22,25,29,33,13,32,55,23,23,39,10,17,29,12,29
18-May,15,11,31,11,30,11,99,25,11,21,22,21,13.5,35,97,15,24,21,45,74,23,81.5,16,33.5,16,15,10,129,27,9,15,26,13,14,12,20,11,17,8,12,17,16,27,31,12,11,43,26,24,42,9,10,20,12,27
18-Jun,15,12,27,16,29,12,108,21,13,18.5,19,18,19.5,40,69,17,27,28,18.5,74,15,82,15,34,17,15,14,50,26,10,11.5,25,13,13,13,22,11.5,20,9,13,24,24.5,32,34,12,19,61,23,17,40,11,14.5,20,13,25
18-Jul,18,13,30,18,40,14,82,28,13,20,19,20,22.5,38,93,18,27,24,49,59.5,25,78.5,24,44,23,19,14.5,66,28,12,12.5,29,14,15,15,23.5,12,25,11,13,18,32,32,36,16,15,38,23,22,43,11,13,23,20,25
18-Aug,21,14,25,18,61,15,125,37.5,13,64.5,22,17,23,40,65,19,41,34,13,54,17,84,23,35.5,24,22,17,94,31.5,14,38,30,18,17,17,31,12,31,13,17.5,32,29,32,37,16,18,53.5,28,32,50.5,14,18,25,18,31
18-Sep,23,14,52,15,50,16,89,32,17,57.5,29,20.5,16,54,98.5,21,35.5,30,22,75,14,85,20,39,33,29,22,83.5,34,15,22.5,34,19,14,17,39,13,26,15,19,33,59,34.5,47,20,23,74,29,45,46.5,14.5,22.5,28,19,34
18-Oct,26,15,41.5,21,43.5,16,95,48,19,22.5,27,21,26,51,109,25,30,22,24,87,22,115,25,41,40.5,29,25,87,34,19,23,35,24,15,22,29,12,40,14,21,34.5,20,39,47.5,21,34,48.5,28,47,51,22,33,30,35,19
18-Nov,28,17,64.5,24,53,19,110,41.5,19,73.5,24.5,26,23.5,60.5,110,27,34,35,147,66,23,127,25,49,41,28,27,152,36,24,41.5,42,22,16.5,24,40,16,41,18,30.5,26.5,60.5,41,49,25,29.5,49.5,35,58.5,53,27,30,32,23,37
18-Dec,32,24,39,25,61.5,23,104,42,23,29.5,34,31,37,54,111,31,40,44.5,66,68.5,29,82.5,28,62,42.5,29.5,29,189.5,41,25,33,42,27,25,29,37.5,20,38,22,35,38,48,44.5,54,27,39,80.5,29,65,59,34,30,36,29,41.5
19-Jan,38,27,76,8,66,33,121,57.5,29,47,38,30,42,87,144,36,41.5,50,67,59,46,64,36,81.5,54,39,36,134,50,28,67.5,45,28,34,31,32,28,42,30,39,39,73.5,50,69,33,37,73,41,53.5,59,34.5,34,42,36,48
19-Feb,33,15,58,8,51,15,111,42,24,11,34,31,29,76,114,35,51.5,49,36,83,44,198,51,49,50.5,42,28.5,143,45,27,24,56,22,15,31,42,13,49,12,55.5,34,76,43.5,65,33,39.5,56,34.5,97,59,22,39,42,20,48
19-Mar,25,13,57,9,53.5,14,140,32.5,26,45,44,21,34,80.5,90,25,37,28,31,81,55,71,27,73,44.5,25,17.5,129,44,18,63,40,19,14,22,33,13,26,12,20,40,82,37,43.5,23,14,43,32,76.5,51,27,19,33,16,42
19-Apr,21,13,42.5,7,28,13,162,30,17,20.5,28.5,12,24,54,96,24,36,24,129,73,26,209,27,49.5,43.5,21,14,153.5,39,11,31,35,17,15,17,22,12,27,11,14,26,70.5,33,33.5,20,19.5,38,28,46,47,17,12,30,15,37
19-May,18,12,14,9,32,12,146.5,24,14,22,12,13,20,51,97,21,30,25,29,49.5,29.5,182.5,17,35,25,19,10,123,32,10,15,28,14,14,14,19,11,21,12,14,14,17,31,34,14,11,57,27,28,44.5,12,13,25,14,31
19-Jun,19,13,25,10,33,13,84.5,24,15,23,17.5,14,19,37,66,19,25,27,21.5,66,24,102.5,21,41.5,19,20,12,123,32,11,28.5,28,13,13,17,21,13,27,12,16,21,38,33,35,11,14,36,29,32,45,12.5,9,24,16,31
19-Jul,21,14,33.5,12,36.5,14,178,36,16,19.5,18,18,26.5,39.5,72,21,20,30,36,60,29,76,22,42,18,24,16.5,73,32,11,28,32,15,14,18,22,13,21,14,22.5,23,42,33,38,15,14,48,28,23,47,14,14,26,18,32
19-Aug,23,14,31,14,53,16,81,43,16.5,25,25,16,20,48,79,20.5,30,35,68,67,28.5,93,25,45,33,24,20,87,33,12,36,31,17,15,20,30,14,23,18,16,30,42,35,42,15,19,58.5,20,47,46,20,18,27,21,32
19-Sep,24,14,47,18.5,61,20,115,46,16,31.5,20,17,24.5,59,124,21,25,38,64,65,24,88,26,68,48,24.5,24,111,32,12,21,30,18,17,21,28,13,28,17,31,29,28,36,45,15,14,56.5,22,38.5,49,20,27.5,27,23,31
19-Oct,24,15,41,21,45.5,17,106,51,15,29,21,17,28.5,65.5,84.5,22,27,29,109,71,28.5,83,25.5,56,44.5,28,22,112,32,14,21,32,18,15,21,34.5,12,28.5,18,35,33,70,36,45,16,24,63,21,55,51,20.5,21,29,21,35
19-Nov,25,16,48,20,59,17,117.5,52.5,19,24,32,15.5,22.5,54,90.5,22,34,45,29,74.5,20,122,30,57,45.5,29,24,85.5,33,15,41,38,17,17,26,32,13,29.5,18,28,29.5,57,39,51,17.5,18,32.5,29,44.5,53,18,28.5,29,22,34
19-Dec,28,20,58.5,42,87,23,142,57,18.5,24,35.5,20,20,64.5,148,24,27,59,67,68,34,148,28.5,65,34,29,27,168,36,19,27,42,20,20,25,41.5,23,35.5,19,44,30.5,39,38.5,56.5,20,35,91,23,60.5,51,29,26.5,31,27,38
20-Jan,31,20,40,25.5,107.5,27,121,65.5,25.5,63,40,21,25,77,133,26,45,63,88,109,28,126,39,62,62.5,27,34,106,39,17,29.5,43,23,26,32,46,21,35,19,55.5,43,48.5,39,68,24,31,52,27,71.5,56,40.5,30,32,31,41
20-Feb,23,12,49,24.5,108,12,168,44,26,75.5,38.5,22,17,61.5,133,22,40,42.5,107,102,32,119,28,39,42,17,16,191,39,10,55,45,12,15,26.5,37.5,11,28.5,8,26.5,50,89,39,51.5,17,26.5,81,21,85,49,17.5,23,29,14,41
20-Mar,15,10,28,10,115.5,10,156,29.5,14,27.5,31,15,31,65.5,165,15,30.5,25,40,85.5,23,135,21,37,22,11,10,189,29,8,19,30,10,14,16,20,10,20,8,11,21,70,28,37,11,12.5,67,20,65,38,10,16,19,12,29
20-Apr,13,9,20,13.5,62,9,92,24,11,69,27,12,12,70,87,12,28.5,30.5,17,82,13.5,230,10,30,19,10,9,88,24,7,34,24,8,14,11,14.5,9,16,8,9,16.5,96,25,40,10,15,42.5,16,74.5,38,8,12,16,11,24
20-May,17,11,38.5,21,78,13,113,32,13,35,19,15,20.5,78.5,119,16,29,29,45,53,14,80,16.5,47,29,15,14,181,23,9,32.5,29,11,20.5,16,22,12,12,10,18.5,18,24,31,45,14,17,55,17,35,45,16,18,20,17,25
20-Jun,19,13,45,14,79,14,132,31,15,25,9.5,14,8,48,106,17,29,27,66,55,12,82,25,52,21.5,20,14,99,27,10,51,33,12,19,16,27.5,10,27,11,19,23,39,34,40,14,21.5,71,23,31.5,42,19,16,23,18,29
20-Jul,17,12,43,10,63,12,117,33,11,37,23,10,8,36,99,14,22,27,36,62,23,61.5,19.5,50,24,16,16,76,22,9,30,30,10,15,11.5,22,11,25,10,14,22,32,29,46,12,11,57,12,45.5,41,13,23.5,19,17,25
20-Aug,13,12,43.5,10,69.5,11,85,36,7,20.5,14,10,5,27.5,87,12,22.5,26,36,61.5,20,79,16.5,44,30.5,12,13,91,19,7,20.5,23,8,15.5,10,19,12,20,9,14,23,45,28,45,7,8,75,12,26,35,10,12.5,15,15,20
20-Sep,11,10.5,34,6,58,9,140.5,29,6,15,10,8.5,5,31,90,9,18,21,29,59,11.5,82,10,51,14,10,9,109,12,7,13,14,7,16.5,8,11,11,13.5,9,12,14,39,29,43,6,7,50,8,36,30,9.5,12,11,13,13
20-Oct,10,10,19,11,53,8,94,25,7,4,13.5,8,6,31,96.5,9,13,24,29.5,51.5,10,85,13,38,12,10,7,127,11,6,9,12,7,14,7,13,10,14,8,10,9,16,28,37,7,9,34,10,23,30,8,10.5,10,11,11
20-Nov,9,8,17,7,62.5,7,116,18,7,26.5,12.5,8,6,27,72.5,9,14,25.5,34,51,10.5,105,11,35,11.5,10,8,118,11,7,9,10,7,18,7,10.5,11,10,8,8,8,11,27.5,33,7,6,41,7,24.5,27,9,9,10,11,11
20-Dec,11,9,23,7,61,8,127,20,7,5,12,11,7,35,100,10,13,28,73,67,14,106,10,37,20,11,7,91,13,7,9,11,8,27,8,10,12,15,9,10.5,17,31,29,37,8,10,45.5,8.5,30,27,13,7,11,13,12
21-Jan,11,9,29,16,62.5,8,151,27,8,8,10,12,7,38,100,11,18,38,22,55,13,84.5,10,46,22,10,12,157,15,7,19,13,7,14.5,8,16,13,14,9,11,20,22.5,29,41,9,7,47,12,32.5,29,12,15,12,13,14
21-Feb,10,8,12,13.5,57,7.5,167,13,7,12.5,10,9,6,35.5,106,10,10,22,11.5,61,10,62.5,14,38,35.5,9,6,96,14,6,11,15,7,12,7,12,9,13,8,14.5,27,44,29,38,7,10,77,11.5,17.5,24,7.5,12,11,10,15
